,0,1,2,3,4,5,6,7,8,9,10,11,12,13,14,15,16,17,18,19,20,21,22,23,24,25,26,27,28,29,30,31,32,33,34,35,36,37,38,39,40,41,42,43,44,45,46,47,48,49,50,51,52,53,54,55,56,57,58,59,60,61,62,63,64,65,66,67,68,69,70,71,72,73,74,75,76,77,78,79,80,81,82,83,84,85,86,87,88,89,90,91,92,93,94,95,96,97,98,99
0,0.0,4.2489822049184305,3.186279037983,3.7836146507334627,3.0651536749449577,4.485854095853494,4.756382399783026,2.954902783269662,2.717352620497284,5.2323386420190925,5.26739806695986,3.3521808785686598,2.775044267749139,0.2935241794693578,4.116469854523656,5.046344285722343,3.6241117437186205,4.231342508983563,2.341007276267632,4.6938701189068315,1.924282757580279,5.431225320729924,5.046344285722343,2.115770204700143,6.100857365323158,3.0785539786663816,3.4731991924834755,4.2489822049184305,2.5239994469650067,4.539520530408464,2.6196236187212043,3.4303244717394343,3.4340713956916544,3.803723590816845,2.8440877932094937,2.817507934543123,6.661906289972689,7.1458437873202545,5.209719280057537,4.539520530408464,3.663353123034444,6.354412092649044,6.141761331326289,3.803723590816845,6.849538490250799,2.556718593277511,1.692842690564908,1.253969470276205,2.717352620497284,3.3521808785686598,2.6646688420162583,6.9820563808798894,3.304313156995497,3.023193111076338,3.8188877593509414,2.8025088449344775,2.976181773248283,4.43648185868309,5.220791581016076,1.545921734351337,3.459448893757463,6.851613164471044,2.9026787387469506,2.816288080183196,5.220791581016076,2.5131307108061147,1.545921734351337,2.405452517394058,6.721015778189343,2.674267455070468,2.353440226792199,2.717352620497284,2.2480352726864137,0.0,4.849459072787184,4.2489822049184305,2.2631629020834825,4.446473402660984,4.397649459565956,2.9763031042691823,3.178480375624137,3.041648093883198,2.849882619503352,4.692671170099722,2.7523657466992972,3.8438465347417754,6.211357914914381,3.754950248340482,3.217197993334956,2.849882619503352,2.9463455152882188,3.721454415487715,2.636206741460879,3.64473711766456,2.2631629020834825,5.291739781248049,2.817507934543123,3.5789976230055167,4.253165882002529,3.620002037472537
1,4.193377097544616,0.0,7.314824950573081,7.912160563323544,1.0836208484816705,8.346581448209799,8.884928312373107,7.083448695859745,6.8458985330873645,9.360884554609177,9.395943979549942,1.551714677084613,6.903590180339222,4.42207009205944,8.245015767113738,9.174890198312426,2.0368281434270634,8.359888421573645,6.469553188857715,4.0825357363918595,2.1818516610318097,9.559771233320008,9.174890198312426,5.270977058267984,9.961584717679461,7.207099891256463,7.601745105073557,0.0,6.652545359555088,8.66806644299855,6.7481695313112855,7.558870384329516,1.0836208484816705,7.664450943173149,6.972633705799575,6.946053847133204,10.52263364232899,11.006571139676561,9.229526509465744,8.66806644299855,7.7918990356245255,10.215139445005347,10.002488683682595,7.664450943173149,10.710265842607104,1.9173916111014393,2.747049248987199,5.742392591446508,6.8458985330873645,1.551714677084613,6.793214754606342,10.842783733236192,1.6099930727725713,2.2780176044127325,7.947433671941023,6.663236197290781,6.836909125604589,8.565027771273172,9.349337493606159,5.6744676469414195,7.320176246113768,10.980159077061128,7.031224651337031,6.944833992773277,9.349337493606159,6.6416766233961955,5.6744676469414195,6.266179869750363,10.581743130545647,6.80281336766055,2.598541552263568,6.8458985330873645,3.0721785618747646,4.193377097544616,8.978004985377266,0.0,6.3917088146735646,8.575019315251069,8.25837681192226,7.224478370999114,7.03920772798044,7.170194006473279,6.978428532093433,8.821217082689804,6.880911659289379,7.972392447331856,10.339903827504466,1.6232140672794986,7.345743905925039,6.978428532093433,2.3854197354436577,7.773597863258818,6.496934093817185,0.4950982336538916,6.3917088146735646,9.420285693838135,6.946053847133204,5.912888837686399,8.381711794592613,7.748547950062621
2,3.0455692453883194,7.262090197466787,0.0,1.2426846888076313,6.078261667493316,2.929662110285603,2.215452437857194,2.0844758785196804,1.0501095736419575,2.6914086800932617,2.7264681050340296,6.3652888711170155,1.323234499287525,2.7782924934133013,2.777062386808745,2.5054143237965123,6.637219736266978,2.8919350412686513,1.2033186332146562,6.9255959884093725,4.937390750128636,2.8902953588040936,2.5054143237965123,3.1845831862050753,4.650111201696083,0.48666780390288567,0.9322692305576449,7.262090197466787,0.588573027297729,1.998590568482634,0.4518837022292129,0.8893945098136034,6.447179388240013,2.954944111719026,0.252201618445998,1.1221236216652386,4.774833616119222,5.4623003687026195,2.8835496136391003,1.998590568482634,2.4370345774923634,4.670868674031409,3.9686296663916356,2.954944111719026,5.165995071633164,5.569826585825868,4.705950683113265,2.2903097144910194,1.0501095736419575,6.3652888711170155,1.1149211564846215,4.53876964095831,6.317421149543856,6.036301103624695,1.2779577974251102,3.7872947289999,3.3874400799480338,1.8955518967572578,2.679861619090246,1.5302719211858231,3.0094423864284114,5.167149221572915,0.5154044134310111,0.9273110932369115,2.679861619090246,0.5618021758428611,1.5302719211858231,3.4582443723295597,4.547884113254689,0.24695801266075457,5.366548219340555,1.0501095736419575,5.26114326523477,3.0455692453883194,2.3085291108613526,7.262090197466787,0.8188331841868454,1.9055434407351535,2.863047693190029,1.8696139128669538,2.363548258564678,1.8153295483411176,1.623564073961272,2.3665015036812846,0.3332527177002399,1.2519603599782791,4.644673166586083,6.768058240888838,2.3467710885849744,1.623564073961272,5.959453507836577,3.277976659873303,3.4803919868203748,6.657845110212916,0.8188331841868454,3.7250550329197516,1.1221236216652386,2.472219694290912,2.686481133674231,1.9138412926957005
3,3.797369852003961,8.013890804082429,1.4580188432431263,0.0,6.8300622741089585,2.5681044954092944,0.9727677490495624,2.836276485135323,1.817588308978116,1.448723991285631,1.8534899186659906,7.117089477732658,2.0750351059031673,3.530093100028943,2.7297641731181668,1.2627296349888812,7.279576017735985,2.844636827578073,1.9551192398302986,7.364784367640266,5.689191356744279,1.6476106699964628,1.2627296349888812,3.9363837928207173,3.4074265128884513,1.1658502345217585,0.9244160922243814,8.013890804082429,1.3403736339133714,0.7559058796750027,1.2036843088448554,0.7666126933683765,7.198979994855655,3.722422847055184,1.31376338850111,1.889602357001397,3.5321489273115922,4.219615679894988,2.521991998762792,0.7559058796750027,3.2045133128285226,3.428183985223778,2.725944977584005,3.722422847055184,3.923310382825533,6.32162719244151,5.4577512897289076,3.042110321106662,1.817588308978116,7.117089477732658,1.7445147194911697,3.2960849521506796,7.069221756159498,6.726671330240836,0.6811946248725975,4.5547734643360585,4.1549188152841925,1.029273248293822,1.8068834327222068,2.2820725278014646,3.7769211217645697,3.924464532765283,1.2828831487671695,1.6337383319072851,1.8068834327222068,1.3136027824585035,2.2820725278014646,4.2257231076657185,3.3051994244470584,1.1633353516301794,6.118348825956198,1.817588308978116,6.012943871850412,3.797369852003961,1.0658444220537218,8.013890804082429,1.5706337908024879,0.6628587519275222,3.225079262551191,2.6370926482031125,3.131026993900837,2.5828082836772768,2.391042809297431,2.004943888804976,1.2414336432590087,1.1827726343601919,4.5113656602346675,7.51985884750448,3.098571695200617,2.391042809297431,6.7112541144522195,4.045455395209462,4.2478707221565335,7.4096457168285585,1.5706337908024879,3.48243554358476,1.889602357001397,2.9114080735218053,2.0231907697678526,1.7910594762504737
4,2.998520439178438,1.0836208484816705,6.119968292206905,6.717303904957368,0.0,7.151724789843619,7.690071654006931,5.888592037493568,5.651041874721188,8.166027896242998,8.201087321183765,1.9460553295581422,5.708733521973046,3.2272134336932616,7.050159108747561,7.980033539946248,0.8858935485290329,7.165031763207468,5.274696530491538,3.308377428422939,0.986995002665633,8.364914574953831,7.980033539946248,4.076120399901806,8.766728059313284,6.012243232890286,6.406888446707381,1.0836208484816705,5.4576887011889115,7.4732097846323695,5.553312872945109,6.36401372596334,0.0,6.469594284806971,5.777777047433399,5.751197188767027,9.327776983962814,9.811714481310384,8.034669851099565,7.4732097846323695,6.597042377258349,9.02028278663917,8.807632025316417,6.469594284806971,9.515409184240927,1.7346567452587829,2.2369176119936074,4.547535933080333,5.651041874721188,1.9460553295581422,5.598358096240165,9.647927074870015,0.2391594820505394,1.5038592964438129,6.752577013574847,5.468379538924603,5.642052467238411,7.370171112906995,8.154480835239982,4.479610988575243,6.1253195877475894,9.78530241869495,5.836367992970855,5.749977334407101,8.154480835239982,5.446819965030019,4.479610988575243,5.071323211384184,9.38688647217947,5.607956709294373,1.4036848938973914,5.651041874721188,1.877321903508587,2.998520439178438,7.783148327011089,1.0836208484816705,5.196852156307388,7.380162656884889,7.063520153556081,6.029621712632937,5.8443510696142615,5.975337348107103,5.783571873727257,7.626360424323629,5.6860550009232025,6.77753578896568,9.14504716913829,1.716638448453386,6.150887247558862,5.783571873727257,0.9328811662152905,6.57874120489264,5.302077435451006,0.4793757612278009,5.196852156307388,8.225429035471956,5.751197188767027,4.718032179320222,7.186855136226436,6.5536912916964445
5,4.565096064156497,8.310522817769513,3.0373854464407457,2.6198580577805015,7.126694287796044,0.0,3.04344663744387,4.527468461740921,1.9469570919855306,2.387679131339853,4.019758825910542,7.402809572025331,3.7662270825087654,4.399847045437334,4.438349212647776,3.0842973223923846,7.685652356569706,4.553221867107683,3.6463112164358966,8.755410731757918,5.985823370431365,2.795726873497878,3.0842973223923846,4.806137738229109,3.480257309725117,2.32271152888993,2.633001131753991,8.310522817769513,3.03156561051897,2.9221747869195536,2.8948762854504544,2.475197732897986,7.495612008542741,1.6482506503986891,2.4706246828692815,1.6241125632661368,4.237391169567717,4.525243731722213,1.3033253906452784,2.9221747869195536,2.888012115865992,3.7338120370510026,3.5211612757282476,1.6482506503986891,4.228938434652758,6.607347286734183,5.74347138402158,3.390096151769912,1.9469570919855306,7.402809572025331,3.4530997590207786,4.557541260474918,7.365853769846584,7.084733723927424,2.863761020509493,3.3491451440082973,3.1064484024701358,3.1955421555383734,3.973152339966758,3.0107703343681607,3.27192965824293,5.746032220168787,2.132072723856158,1.8912304305982723,3.973152339966758,3.004794759064102,3.0107703343681607,2.872731246881402,4.100415722591301,2.689950595881996,6.4040689202488705,1.9469570919855306,6.298663966143085,4.565096064156497,2.887412109457225,8.310522817769513,3.261825767408087,2.829127659172073,0.9725018165755372,2.7664614312105273,1.77803513311652,1.7326215364770514,2.0745416123349005,0.786277280687463,2.776245300921481,2.1516863254336442,6.230476389670465,7.805578941797153,4.789763671806215,2.0745416123349005,7.0078861281393054,3.7253512753879803,2.8948788613722174,7.7062777305156445,3.261825767408087,5.310858256004133,1.6241125632661368,4.619993113051414,4.184327176241092,3.4996445157800826
6,4.7701376010535235,8.986658553131994,2.430786592292689,0.9727677490495623,7.802830023158522,2.9554421050216493,0.0,3.8090442341848854,2.552305492621346,1.6321782947999608,2.304845576820119,8.089857226782222,3.047802854952729,4.502860849078506,3.702531922167729,0.761197824257843,8.252343766785547,3.817404576627635,2.92788698887986,8.337552116689826,6.6619591057938425,1.1460788592654245,0.761197824257843,4.90915154187028,2.905894702157413,1.9533964360940033,1.8971838412739437,8.986658553131994,2.3131413829629337,0.5764680745032218,2.176452057894418,1.7001962226537397,8.171747743905218,4.457140030698414,2.1013095900733547,2.624319540644627,3.030617116580554,3.7180838691639506,2.9093296083751463,0.5764680745032218,3.9392304964717524,2.9266521744927396,2.2244131668529668,4.457140030698414,3.4217785720944947,7.294394941491074,6.430519038778471,3.9954445524057274,2.552305492621346,8.089857226782222,2.7172824685407315,2.7945531414196414,8.041989505209061,7.699439079290397,1.4027103777198606,5.289490647979289,4.889635998927423,1.4806289064479505,2.2582390908763355,3.254840276851027,4.5116383054078,3.422932722034245,2.070429350339414,2.2993681957062675,2.2582390908763355,2.286370531508066,3.254840276851027,4.960440291308949,2.80366761371602,2.1361031006797417,7.091116575005762,2.552305492621346,6.985711620899976,4.7701376010535235,0.5643126113226837,8.986658553131994,2.5434015398520504,0.811392078106129,3.6124168721635455,3.3718098318463428,3.8657441775440664,3.3175254673205066,3.1257599929406608,2.3922814984173306,2.214201392308571,1.9703188359324368,4.349402568573364,8.492626596554043,4.07133944425018,3.1257599929406608,7.684021863501784,4.780172578852692,4.982587905799763,8.382413465878125,2.5434015398520504,3.320472451923457,2.624319540644627,3.8841758225713665,1.8612276781065498,2.7638272253000356
7,3.070130310336878,7.286651262415345,2.222379685026673,2.819715297777136,6.102822732441875,4.557648932092771,3.7924830468266983,0.0,2.678096395449126,4.268439289062767,3.788537552125594,6.389849936065574,1.2127834335725043,2.80285355836186,2.5497086383657237,3.9012932146186543,6.213582739510005,2.66458129282563,0.7787464420909973,6.298791089414286,4.961951815077195,4.467325967773598,3.9012932146186543,3.209144251153634,6.045990092518226,2.1146546257100542,2.0337768169675474,7.286651262415345,1.318100880980915,3.3356803577170187,1.655724265764877,2.1915802158235524,6.471740453188572,4.582930933526194,1.8801884402531666,2.750110443472407,5.670258090900466,6.54110071121092,4.511536435446268,3.3356803577170187,3.67245485267757,5.985042845732666,5.364508557213779,4.582930933526194,6.244795414141464,5.594387650774427,4.730511748061824,2.3150612572996594,2.678096395449126,6.389849936065574,1.0979076258583282,5.491701460322444,6.341982214492415,5.660678052014856,2.5801435034350595,5.022715004185106,4.62286035513324,3.1052647702429037,3.7419310661818104,1.5550234639944631,4.244862661613618,5.284851948313114,2.1433912352381794,2.55529791504408,3.7419310661818104,1.5492313578497874,1.5550234639944631,4.693664647514765,5.943763004076833,1.7103681021141408,5.391109284289114,2.678096395449126,5.285704330183329,3.070130310336878,3.885559719830858,7.286651262415345,1.2992635491271554,3.242633229969538,4.491034514997197,3.1050341880521604,3.598968533749884,3.050749823526324,2.8589843491464784,3.994488325488453,1.7884663937429701,2.879947181785448,4.644596698756452,6.7926193058373965,0.3307827549630995,2.8589843491464784,5.830684748756821,4.365955874077548,4.7158122620055805,6.682406175161475,1.2992635491271554,3.7249785650901206,2.750110443472407,1.3770297743655044,2.6864046658446,2.0532408213146067
8,2.7483079714493788,6.964828923527846,1.1174712272683418,1.8283913097974458,5.7810003935543754,1.9292840218581657,2.54948011077975,2.607554242568518,0.0,2.776325152025014,3.3121747260238443,6.068027597178076,1.8463128633363624,2.4810312194743607,3.300140750857582,2.590330795728264,6.339958462328038,3.4150134053174885,1.7263969972634936,7.035560368822842,4.640129476189696,2.9752118307358453,2.590330795728264,2.8873219122661355,4.230109578605937,0.5783405916064674,1.6329045296594225,6.964828923527846,1.1116513913465664,2.4282082602554342,0.9749620662780505,1.4751011308034176,6.149918114301072,1.9329758040996257,0.5507104636968777,0.10015531404583859,4.791158503255471,5.275096000603034,2.492366659560253,2.4282082602554342,1.4150662698729641,4.483664305931823,4.053546138323387,1.9329758040996257,4.978790703533578,5.272565311886928,4.408689409174325,1.471280325806939,0.0,6.068027597178076,1.637999520533459,4.623686112890062,6.020159875604915,5.739039829685756,1.8636644184149245,2.7653264213804998,2.3654717723286334,2.481258517747072,3.2655682400800607,1.091954508405188,1.9874740788090122,5.252065693504667,0.1853261182496664,0.0989354596859122,3.2655682400800607,1.0848805398916985,1.091954508405188,2.43627606471016,4.632800585186441,0.7700363767095921,5.069286945401616,0.0,4.96388199129583,2.7483079714493788,2.3934455827931043,6.964828923527846,1.341911548235683,2.3351611325079538,1.8410793855706282,0.8476456052475536,1.3415799509452782,0.793361240721718,0.6015957663418723,1.9753185496024377,0.8563310817490775,1.1515897233390762,5.230379787575896,6.470796966949898,2.8698494526338125,0.6015957663418723,5.662192233897637,2.256008352253903,2.4584236792009753,6.3605838362739755,1.341911548235683,4.310761653909566,0.10015531404583859,2.99529805833975,3.272187754664045,2.4869866782222863
9,5.216506144157662,9.433027096236131,3.0467461865781824,1.6547573055719136,8.24919856626266,2.308440066628047,1.6321782947999606,4.4910337907072355,2.4963394387308413,0.0,3.054658073701954,8.53622576988636,3.72979241147508,4.9492293921826445,4.38452147869008,1.2647508964124363,8.80815663503632,4.499394133149987,3.6098765454022113,9.019541673212178,7.108327648897981,0.3470580013593464,1.2647508964124363,5.355520084974419,3.179603334974108,2.3320722690273668,2.5791733977962954,9.433027096236131,2.9951309394852847,1.9570740347109659,2.858441614416769,2.4213699989402904,8.618116287009356,3.8596928623562268,2.479985423006718,2.5683534867541225,3.534170188735147,3.9917925019806457,2.1657416794475814,1.9570740347109659,3.8832644425812477,3.2003608073094347,2.498121799669662,3.8596928623562268,3.6954872049111898,7.740763484595212,6.87688758188261,3.9394784985152227,2.4963394387308413,8.53622576988636,3.399272025063083,3.2981062135742345,8.488358048313199,8.20723800239404,2.152522874601696,5.233524594088784,4.833669945036918,2.2304414033297855,3.0080515877581706,3.5601526811134714,4.455672251517295,3.926485794188838,2.4491051832727777,2.243402141815763,3.0080515877581706,2.968360088030417,3.5601526811134714,4.9044742374184445,3.0773762465327152,2.6993113360194325,7.5374851181099,2.4963394387308413,7.432080164004114,5.216506144157662,0.9046832026436454,9.433027096236131,3.2253910963744015,1.8640269069634854,2.87095025238102,3.3158437779558376,3.809778123653562,3.261559413430002,3.069793939050156,1.6508148786348054,2.7856060410589176,2.161047065571081,4.8529556407279575,8.938995139658184,4.7533290007725295,3.069793939050156,8.13039040660592,4.724206524962186,4.926621851909259,8.828782008982262,3.2253910963744015,3.824025524078051,2.5683534867541225,4.566165379093718,2.3647807502611435,3.445816781822387
10,5.174052810400695,9.188099081262807,2.932616079727351,1.8134113550647357,8.031176139186154,3.9279266999380797,2.2647670132188638,3.6020791995684585,3.29218554546234,2.808546195814416,0.0,8.493772436129394,2.835630932346093,4.906776058425677,3.320867808009723,1.8656520850964693,8.003052705924967,3.4113482112533897,2.715715066273224,8.088261055829248,7.053156167261229,2.6491687668077204,1.8656520850964693,5.313066751217452,4.010348962996039,2.6404474710059826,1.9856908143342569,9.188099081262807,2.7378849823202356,1.5688715454001858,2.678281545329079,1.7368099728006243,8.40009385993285,5.1970200835394085,2.788360624985334,3.3641995934856213,4.066505785621263,4.822538130002576,3.881814203291577,1.5688715454001858,4.679110549312747,4.031106435331365,3.3288674276915926,5.1970200835394085,4.52623283293312,7.698310150838245,6.834434248125643,4.418983757363478,3.29218554546234,8.493772436129394,2.4679914076801537,3.8304418104603513,8.174053324381159,7.450148018429819,1.4393241278667452,6.029370700820283,5.629516051768417,1.5172426565948351,0.0466064859437837,3.6589459640582804,5.251518358248794,3.465835048072916,2.7574803852513936,3.1083355683915093,0.0466064859437837,2.7882000189427267,3.6589459640582804,5.700320344149942,3.908121874554646,2.6379325881144027,7.469846058492988,3.29218554546234,7.389626830247147,5.174052810400695,2.0674025188649794,9.188099081262807,3.0452310272867114,1.4758244176527053,4.584901467079975,4.111689884687337,4.605624230385061,4.057405520161501,3.865640045781655,3.364766093333761,2.716030879743232,2.657369870844416,3.5012274609978533,8.896541805901215,3.8643744096337524,3.865640045781655,7.620154715171783,5.5200526316936855,5.722467958640757,8.583853994008939,3.0452310272867114,2.4722973443479455,3.3641995934856213,3.634884761710789,1.0130525705310383,2.629793008149295
11,3.4228309970391777,1.574608298173131,6.544278850067643,7.141614462818106,2.0488300761638367,7.554076348909356,8.11438221186767,6.3129025953543065,6.075352432581926,8.590338454103737,8.625397879044504,0.0,6.133044079833784,3.651523991554001,7.474469666608299,8.404344097806986,3.0020373711092296,7.589342321068206,5.6990070883522765,5.047744964074024,2.568332397132196,8.789225132814567,8.404344097806986,5.0292513258776,9.16907961837902,6.436553790751025,6.831199004568119,1.4883904384582936,5.88199925904965,7.897520342493109,5.977623430805847,6.788324283824078,2.0488300761638367,6.871945843872707,6.202087605294137,6.1755077466277655,9.730128543028549,10.214066040376121,8.437021410165302,7.897520342493109,7.021352935119087,9.422634345704907,9.209983584382154,6.871945843872707,9.917760743306664,0.645648558233497,1.4753061961192568,4.971846490941072,6.075352432581926,0.0,6.022668654100904,10.05027863393575,2.5752023004547375,3.2432268320948983,7.176887571435585,5.8707310979903395,6.044404026304147,7.794481670767733,8.57879139310072,4.903921546435981,6.527671146813326,10.20961297655569,6.260678550831593,6.174287892267839,8.57879139310072,5.871130522890757,4.903921546435981,5.473674770449921,9.789238031245207,6.032267267155111,2.5180045183973316,6.075352432581926,2.4125995642915457,3.4228309970391777,8.207458884871826,1.4883904384582936,5.621162714168126,7.804473214745628,7.465871712621818,6.4539322704936755,6.246702628679998,6.399647905967841,6.207882431587995,8.050670982184366,6.110365558783941,7.201846346826418,9.569357726999028,0.2294168811047562,6.5751978054196005,6.207882431587995,3.126435404731433,6.981092763958376,5.704428994516743,1.4603074613360574,5.621162714168126,8.649739593332695,6.1755077466277655,6.299369573786786,7.611165694087174,6.978001849557183
12,2.764748582932016,6.981269535010483,1.4506919740070272,2.04802758675749,5.797441005037013,3.785961221073126,3.0207953358070525,1.192774972099779,1.9064086844294807,3.496751578043121,3.531811002983888,6.084468208660713,0.0,2.497471830956998,2.3158475288332063,3.3107572217463717,6.1465432415292485,2.4307201832931127,0.306410838804545,6.231751591433529,4.656570087672333,3.695638256753953,3.3107572217463717,2.9037625237487728,5.455454099645942,1.3429669146904089,1.7376121285075032,6.981269535010483,0.5316441522858245,2.803933466432493,0.8840365547452315,1.6947374077634618,6.166358725783709,3.8112432225065485,1.1085007292335212,1.9784227324527617,5.436396981367947,6.267643266652479,3.7398487244266234,2.803933466432493,3.2933336882798874,5.476211571981269,4.773972564341495,3.8112432225065485,5.971337969583024,5.289005923369565,4.425130020656963,2.009679529894798,1.9064086844294807,6.084468208660713,0.4210767595087787,5.257840350789925,6.0366004870875525,5.593638554034099,2.0833006953749686,4.643593839787424,4.243739190735558,2.700894794707116,3.4852045170401045,1.249641736589602,3.865741497215935,5.050990838780597,1.3717035242185343,1.7836102040244348,3.4852045170401045,0.7985527313752583,1.249641736589602,4.314543483117083,5.353227011204549,0.9386803910944953,5.085727556884253,1.9064086844294807,4.980322602778467,2.764748582932016,3.113872008811212,6.981269535010483,0.9938818217222942,2.7108863386850124,3.7193468039775515,2.7259130236544777,3.2198473693522014,2.6716286591286416,2.4798631847487957,3.2228006144688077,1.0167786827233247,2.1082594707658027,4.410735589223934,6.487237578432535,1.4550701821650731,2.4798631847487957,5.678632845380274,4.060574146672686,4.336691097607898,6.377024447756613,0.9938818217222942,3.4911174555576028,1.9784227324527617,1.7783752973150693,2.452543556312082,1.5271106642466856
13,0.2672767519750181,4.4837977040534875,2.8927548585136424,3.4900904712641054,3.2999691740800148,4.3531124628860915,4.462858220313668,2.661378603800305,2.4238284410279256,4.938814462549736,4.973873887490503,3.586996377703717,2.4815200882797814,0.0,3.8229456750542976,4.752820106252987,3.8589272428536776,3.937818329514204,2.0474830967982744,4.9286856180418885,2.1590982567153363,5.1377011412605675,4.752820106252987,2.2438341306447835,6.335672864458216,2.785029799197024,3.1796750130141183,4.4837977040534875,2.230475267495649,4.245996350939108,2.3260994392518466,3.136800292270077,3.6688868948267115,4.038539089951903,2.550563613740136,2.5239837550737643,6.896721789107747,7.380659286455312,4.916195100588177,4.245996350939108,3.369828943565085,6.589227591784102,6.216035448848111,4.038539089951903,7.084353989385857,2.7915340924125687,1.9276581896999656,1.320322499387071,2.4238284410279256,3.586996377703717,2.371144662546901,6.7649384970110145,3.539128656130554,3.258008610211395,3.525363579881584,3.0373243440695346,3.21099727238334,4.142957679213732,4.927267401546719,1.2523975548819792,3.69426439289252,6.558088985001686,2.609154559277592,2.5227639007138376,4.927267401546719,2.219606531336757,1.2523975548819792,2.6402680165291152,6.795289895711165,2.38074327560111,2.5882557259272567,2.4238284410279256,2.4828507718214707,0.2672767519750181,4.555934893317827,4.4837977040534875,1.969638722614125,4.152949223191627,4.264907826598555,2.8024082789396756,3.2963426246373992,2.7481239144138394,2.5563584400339936,4.399146990630362,2.4588415672299395,3.5503223552724177,5.917833735445023,3.989765747475539,2.923673813865599,2.5563584400339936,3.181161014423276,3.787807444598581,2.871022240595936,3.879552616799617,1.969638722614125,4.998215601778693,2.5239837550737643,3.2854734435361594,3.959641702533172,3.3264778580031797
14,4.575248707141834,8.589294978003945,2.949049021879968,2.6109330509992463,7.432372035927295,4.351504563304356,3.583700800048809,3.0032750963095975,3.308618487614958,4.0596570422848774,2.9534945192295536,7.8949683328705325,2.236826829087232,4.307971955166817,0.0,3.68243990636056,7.404248602666107,0.0998325241685492,2.116910963014363,7.4894569525703885,6.454352064002369,4.258543720995709,3.68243990636056,4.7142626479585905,5.827136784260131,2.6568804131586004,1.6865169587748647,8.589294978003945,2.0365140860608055,2.988420499524336,2.3889064885202127,1.8443203576308695,7.801289756673992,5.213453025692026,2.613370663008502,3.380632535638239,5.451404782642371,6.322247402952824,4.305392066657854,2.988420499524336,4.695543491465364,5.76618953747457,5.145655248955684,5.213453025692026,6.025942105883368,7.099506047579385,6.235630144866782,3.8201796541046167,3.308618487614958,7.8949683328705325,1.8691873044212926,5.272848152064348,7.575249221122299,6.8513439151709585,2.2328836452423766,6.0458036429729,5.645948993921034,2.758004912050221,2.90688803328577,3.0601418607994195,5.267951300401411,5.06599864005502,2.7739133274040113,3.124768510544127,2.90688803328577,2.303422665150239,3.0601418607994195,5.716753286302559,5.724909695818738,2.4435503248694763,6.871041955234127,3.308618487614958,6.790822726988287,4.575248707141834,3.6767774730529688,8.589294978003945,2.560453673494224,2.8953733717768557,5.008479330446253,4.128122826839954,4.622057172537678,4.073838462314118,3.8820729879342726,3.7883439567000385,2.5216486164983056,2.6738028129970335,4.425743390498358,8.297737702642355,3.265570306374892,3.8820729879342726,7.021350611912923,5.536485573846303,5.738900900793374,7.985049890750076,2.560453673494224,2.024139017206536,3.380632535638239,3.0360806584519278,2.4675513575865056,0.6548666707145763
15,5.113607019358743,9.330127971437213,2.713786259426684,1.3162371673547828,8.146299441463741,3.0011580108035143,0.7660630450911936,3.776599008028402,2.598021398403211,1.269616117245787,1.8871124938814023,8.433326645087442,3.0101507408060364,4.846330267383726,3.7430175134769317,0.0,8.177572514384913,3.857890167936838,2.8902348747331676,8.262780864289192,7.005428524099062,0.7835166817112509,0.0,5.252620960175499,1.8038137381016832,1.9991123418758683,2.2406532595791644,9.330127971437213,2.6566108012681537,1.4882859127272487,2.519921476199638,2.0828498607231594,8.515217162210437,3.4329179732793755,2.1470254958552197,2.670035446426492,1.9285361525248232,2.616002905108221,2.9550455141570113,1.4882859127272487,3.9849464022536174,1.82457121043701,1.1223322027972369,3.4329179732793755,2.3196976080387652,7.637864359796294,6.773988457083691,4.041160458187592,2.598021398403211,8.433326645087442,2.642511216140097,1.6924721773639106,8.348573132841103,7.624667826889763,1.8140027363845652,5.335206553761154,4.935351904709288,1.8919212651126547,1.8405060079376185,3.598309695156247,4.557354211189665,2.3208517579785153,2.1161452561212792,2.3450841014881325,1.8405060079376185,2.629839949813286,3.598309695156247,5.006156197090814,1.7015866496602905,2.366351408867934,7.434585993310981,2.598021398403211,7.329181039205196,5.113607019358743,0.20175043376850998,9.330127971437213,2.8868709581572705,1.5255067687463546,3.6581327779454105,3.4175257376282078,3.9114600833259314,3.3632413731023716,3.1714758987225258,2.4379974041991956,2.452646113907419,2.016034741714302,3.675747269457797,8.836096014859264,4.038894218093696,3.1714758987225258,7.794674523631728,4.825888484634557,5.028303811581628,8.725882884183344,2.8868709581572705,2.646817152807889,2.670035446426492,3.8094045701707326,1.187572378990982,2.8043128166092384
16,3.572411488952851,2.0078561930082333,6.693859341981317,7.29119495473178,0.8858935485290329,7.725615839618032,8.263962703781344,6.46248308726798,6.2249329244956,8.73991894601741,8.458511455604027,2.870290674084705,6.282624571747458,3.8011044834676744,7.312937421418825,8.553924589720658,0.0,7.427810075878732,5.84858758026595,2.9134726711033228,1.560886052440045,8.938805624728241,8.553924589720658,4.65001144967622,9.340619109087697,6.586134282664698,6.703750720445981,2.0078561930082333,6.031579750963323,8.005654261195453,6.127203922719521,6.861554119301986,1.2336978850393134,7.043485334581384,6.351668097207811,6.325088238541439,9.901668033737227,10.385605531084797,8.608560900873979,8.005654261195453,7.170933427032761,9.594173836413583,9.381523075090831,7.043485334581384,10.08930023401534,2.6588920897853456,2.902054737080503,5.121426982854745,6.2249329244956,2.870290674084705,5.861136408911429,10.161675363800875,0.6467340664784935,0.7050873082713918,7.250117406913493,6.042270588699017,6.215943517012825,7.775238673721339,8.411904969660243,5.053502038349655,6.699210637522003,9.954825851791547,6.410259042745267,6.323868384181512,8.411904969660243,6.020711014804431,5.053502038349655,5.645214261158598,9.960777521953883,6.181847759068785,1.9775759436718037,6.2249329244956,2.4512129532829996,3.572411488952851,8.3570393767855,2.0078561930082333,5.7707432060818,7.912607133447971,7.637411203330495,6.603512762407349,6.418242119388675,6.549228397881515,6.357462923501669,8.20025147409804,6.259946050697614,7.351426838740092,9.314570602234888,2.640873792979949,6.47256618095833,6.357462923501669,1.1664507195088947,7.152632254667053,5.875968485225419,1.4036111057543637,5.7707432060818,8.394952468568555,6.325088238541439,4.7715180920008455,7.356378569323033,6.723214724793041
17,4.460376052681927,8.47442232354404,2.834176367420062,2.49606039653934,7.31749938146739,4.236631908844451,3.4688281455889025,2.888402441849691,3.1937458331550515,3.944784387824971,2.838621864769647,7.780095678410626,2.1219541746273256,4.19309930070691,0.0998325241685492,3.5675672519006536,7.289375948206202,0.0,2.002038308554457,7.374584298110483,6.339479409542464,4.143671066535803,3.5675672519006536,4.599389993498685,5.712264129800224,2.542007758698694,1.5716443043149584,8.47442232354404,1.9216414316008987,2.8735478450644294,2.274033834060306,1.7294477031709632,7.686417102214087,5.09858037123212,2.4984980085485953,3.2657598811783326,5.336532128182465,6.207374748492918,4.190519412197948,2.8735478450644294,4.580670837005458,5.6513168830146645,5.030782594495777,5.09858037123212,5.9110694514234625,6.984633393119478,6.120757490406875,3.7053069996447103,3.1937458331550515,7.780095678410626,1.7543146499613862,5.1579754976044425,7.460376566662394,6.7364712607110535,2.11801099078247,5.930930988512994,5.531076339461128,2.6431322575903144,2.7920153788258633,2.945269206339513,5.153078645941505,4.951125985595113,2.659040672944105,3.0098958560842206,2.7920153788258633,2.1885500106903324,2.945269206339513,5.601880631842654,5.610037041358831,2.3286776704095695,6.756169300774222,3.1937458331550515,6.67595007252838,4.460376052681927,3.561904818593062,8.47442232354404,2.445581019034317,2.780500717316949,4.893606675986346,4.013250172380048,4.507184518077772,3.958965807854212,3.7672003334743662,3.673471302240132,2.406775962038399,2.558930158537127,4.310870736038452,8.182865048182448,3.150697651914985,3.7672003334743662,6.906477957453018,5.421612919386396,5.624028246333468,7.870177236290171,2.445581019034317,1.9092663627466295,3.2657598811783326,2.921208003992022,2.352678703126599,0.5399940162546698
18,2.33071159145051,6.547232543528978,1.3307761079341582,1.928111720684621,5.363404013555508,3.6660453550002576,2.9008794697341833,0.7587379806182719,1.7864928183566118,3.376835711970252,3.1553474821650007,5.650431217179207,0.306410838804545,2.0634348394754918,1.9165185684051316,3.1908413556735025,5.747214281101173,2.031391222865038,0.0,5.832422631005454,4.222533096190828,3.5757223906810838,3.1908413556735025,2.469725532267266,5.3355382335730726,1.2230510486175399,1.4005867470069557,6.547232543528978,0.4117282862129556,2.6840176003596237,0.7641206886723626,1.5583901458629605,5.732321734302205,3.69132735643368,0.9885848631606522,1.858506866379893,5.037068020939873,5.907910641250326,3.6199328583537547,2.6840176003596237,2.933036133791201,5.351852775772072,4.654056698268626,3.69132735643368,5.61160534418087,4.85496893188806,3.9910930291754574,1.5756425384132913,1.7864928183566118,5.650431217179207,0.3011608934359099,4.85851139036185,5.602563495606048,5.194309593606024,1.9469534334744674,4.2832962852987375,3.883441636246871,2.472074700282312,3.108740996221217,0.8156047451080951,3.505443942727249,4.651661878352521,1.2517876581456653,1.6636943379515658,3.108740996221217,0.6786368653023894,0.8156047451080951,3.954245928628397,5.23331114513168,0.8187645250216264,4.651690565402749,1.7864928183566118,4.546285611296963,2.33071159145051,2.9939561427383428,6.547232543528978,0.5598448302407871,2.590970472612143,3.599430937904683,2.365615469165791,2.8595498148635152,2.3113311046399554,2.1195656302601096,3.102884748395939,0.8968628166504559,1.988343604692934,4.011406628795861,6.0532005869510295,1.021033190683566,2.1195656302601096,5.24459585389877,3.626537155191179,3.9763935431192126,5.942987456275108,0.5598448302407871,3.091788495129528,1.858506866379893,1.3790463368869945,2.0532145958840067,1.4071947981738164
19,4.580214083297021,4.01975215303303,7.527902539847956,7.6540155990875105,3.2455938450641106,8.733418433962203,8.626783348137073,6.580121521205993,7.058976122362239,9.102739590373142,8.484360242021175,4.882186634109502,6.531198191021714,4.808907077811845,7.338786207835973,8.597115904514236,2.834705777695191,7.45365886229588,6.097161199540206,0.0,2.588990762969979,9.301626269083973,8.597115904514236,5.189559423621081,10.348421703431866,7.420177480531337,6.72959950686313,4.01975215303303,6.636515638430124,8.0315030476126,6.96124712058616,6.887402905719134,3.2455938450641106,8.051287928925554,7.18571129507445,7.159131436408078,10.36608078079604,11.236923401106496,9.348474614746122,8.0315030476126,8.004976624899399,10.601976430757752,10.060331247109358,8.051287928925554,10.94061810403704,4.440559239616215,3.9301594476104373,6.129229577198913,7.058976122362239,4.882186634109502,5.8869851953285774,10.187524150218023,3.2611346711592093,2.2818010902000414,7.275966193330641,7.050073183043186,7.223746111356994,7.801087460138487,8.437753756077392,5.887545236216294,7.707013231866172,9.980674638208695,7.244302240611906,7.157911582048151,8.437753756077392,6.85475421267107,5.887545236216294,6.653016855502767,10.63958569397241,7.015890956935424,3.0056806542017376,7.058976122362239,3.479317663812934,4.580214083297021,8.719860021141232,4.01975215303303,6.604786403948439,7.9384559198651194,8.645213797674664,7.437555960273988,7.4260447137328445,7.383271595748154,7.191506121368308,8.831426504788306,7.093989248564253,7.716885361085297,9.340419388652036,4.652769753004746,6.49841496737548,7.191506121368308,2.7072360619498324,8.160434849011223,6.8837710795695894,3.4155070657791606,6.604786403948439,8.420801254985703,7.159131436408078,4.7973668784179955,7.382227355740181,6.749063511210189
20,1.8486744910730537,2.161848501898397,4.97012234410152,5.567457956851983,0.978019971924925,6.001878841738235,6.540225705901546,4.738746089388182,4.501195926615803,7.016181948137612,7.05124137307838,2.5801549646677064,4.5588875738676595,2.077367485587877,5.900313160642175,6.830187591840863,1.5369780406985882,6.015185815102082,4.124850582386152,2.6314739661782047,0.0,7.215068626848444,6.830187591840863,2.9262744517964205,7.616882111207899,4.862397284784901,5.2570424986019955,2.161848501898397,4.307842753083526,6.323363836526984,4.403466924839724,5.214167777857955,1.3469376926716214,5.319748336701586,4.627931099328014,4.601351240661642,8.17793103585743,8.661868533204998,6.884823902994182,6.323363836526984,5.447196429152964,7.870436838533784,7.65778607721103,5.319748336701586,8.365563236135541,1.8515684766462361,1.3411686846404582,3.397689984974949,4.501195926615803,2.5801549646677064,4.448512148134779,8.498081126764632,1.2171794539754643,0.9360594080563058,5.602731065469461,4.318533590819219,4.492206519133026,6.22032516480161,7.004634887134596,3.329765040469857,4.975473639642204,8.635456470589565,4.68652204486547,4.600131386301715,7.004634887134596,4.296974016924634,3.329765040469857,3.9214772632788,8.237040524074082,4.458110761188988,0.4166898912317586,4.501195926615803,0.8903269008429542,1.8486744910730537,6.633302378905704,2.161848501898397,4.047006208202003,6.230316708779504,5.913674205450698,4.879775764527552,4.694505121508877,4.8254914000017175,4.633725925621872,6.476514476218243,4.536209052817817,5.6276898408602944,7.995201221032901,2.35073808356295,5.001041299453476,4.633725925621872,0.8592118122681861,5.428895256787254,4.15223148734562,1.5576034146445277,4.047006208202003,7.07558308736657,4.601351240661642,3.8155755382979097,6.03700918812105,5.403845343591058
21,5.493622833532973,9.710143785611443,3.0938020736009144,1.6962529815290133,8.526315255637972,2.716487808786072,1.1460788592654247,4.467707943764026,2.978037212577442,0.3470580013593464,2.578221429617027,8.813342459261673,3.7012596765416617,5.226346081557955,4.426017154647179,0.7786514608779003,8.868681450120537,4.540889809107086,3.581343810468793,8.953889800024816,7.385444338273292,0.0,0.7786514608779003,5.63263677434973,2.8325453336147617,2.3791281560500988,2.620669073753395,9.710143785611443,3.036626615442384,1.8683017269014797,2.8999372903738685,2.46286567489739,8.895232976384667,4.267740604514252,2.52704131002945,3.050051260600723,3.0480707532006113,3.6447345006212992,2.573789421605607,1.8683017269014797,4.364962216427848,2.8533028059500882,2.1510637983103154,4.267740604514252,3.3484292035518433,8.017880173970523,7.154004271257921,4.421176272361824,2.978037212577442,8.813342459261673,3.3336201518757225,2.8120067780396987,8.76547473768851,8.315776762625388,2.1940185505587957,5.715222367935384,5.315367718883518,2.2719370792868854,2.5316149436732434,3.9783255093304777,4.9373700253638955,3.440386358654302,2.4961610702955097,2.7250999156623634,2.5316149436732434,3.0098557639875163,3.9783255093304777,5.386172011265044,2.7303182451733687,2.7463672230421645,7.814601807485211,2.978037212577442,7.709196853379425,5.493622833532973,0.4185837671091094,9.710143785611443,3.266886772331501,1.905522582920585,3.2789979945390457,3.7975415518024382,4.291475897500163,3.7432571872766025,3.5514917128967567,2.058862620792831,2.8326619280816496,2.396050555888532,4.366856205193422,9.216111829033494,4.73000315382932,3.5514917128967567,8.407507095981233,5.205904298808788,5.408319625755859,9.105898698357574,3.266886772331501,3.3379260885435142,3.050051260600723,4.5005135059063575,1.8786813147266068,3.4873124577794865
22,5.113607019358743,9.330127971437213,2.713786259426684,1.3162371673547828,8.146299441463741,3.0011580108035143,0.7660630450911936,3.776599008028402,2.598021398403211,1.269616117245787,1.8871124938814023,8.433326645087442,3.0101507408060364,4.846330267383726,3.7430175134769317,0.0,8.177572514384913,3.857890167936838,2.8902348747331676,8.262780864289192,7.005428524099062,0.7835166817112509,0.0,5.252620960175499,1.8038137381016832,1.9991123418758683,2.2406532595791644,9.330127971437213,2.6566108012681537,1.4882859127272487,2.519921476199638,2.0828498607231594,8.515217162210437,3.4329179732793755,2.1470254958552197,2.670035446426492,1.9285361525248232,2.616002905108221,2.9550455141570113,1.4882859127272487,3.9849464022536174,1.82457121043701,1.1223322027972369,3.4329179732793755,2.3196976080387652,7.637864359796294,6.773988457083691,4.041160458187592,2.598021398403211,8.433326645087442,2.642511216140097,1.6924721773639106,8.348573132841103,7.624667826889763,1.8140027363845652,5.335206553761154,4.935351904709288,1.8919212651126547,1.8405060079376185,3.598309695156247,4.557354211189665,2.3208517579785153,2.1161452561212792,2.3450841014881325,1.8405060079376185,2.629839949813286,3.598309695156247,5.006156197090814,1.7015866496602905,2.366351408867934,7.434585993310981,2.598021398403211,7.329181039205196,5.113607019358743,0.20175043376850998,9.330127971437213,2.8868709581572705,1.5255067687463546,3.6581327779454105,3.4175257376282078,3.9114600833259314,3.3632413731023716,3.1714758987225258,2.4379974041991956,2.452646113907419,2.016034741714302,3.675747269457797,8.836096014859264,4.038894218093696,3.1714758987225258,7.794674523631728,4.825888484634557,5.028303811581628,8.725882884183344,2.8868709581572705,2.646817152807889,2.670035446426492,3.8094045701707326,1.187572378990982,2.8043128166092384
23,2.0156761975296713,5.270545458643008,3.2853647378743274,3.8827003506247904,4.086716928669537,4.7457223422467765,4.855468099674353,3.053988483160989,2.816438320388611,5.33142434191042,5.3664837668511876,5.029265128188619,2.874129967640466,2.244369192044495,4.215555554414982,5.145429985613671,4.645674997443201,4.330428208874888,2.440092976158959,5.12527025476676,2.9458460113048583,5.530311020621252,5.145429985613671,0.0,7.03388206950497,3.177639678557709,3.572284892374803,5.270545458643008,2.623085146856334,4.638606230299792,2.7187093186125315,3.529410171630762,4.4556346494162336,4.736748294998657,2.943173493100821,2.9165936344344496,7.336105006949721,8.078868491502066,5.308804979948865,4.638606230299792,3.7624388229257706,7.287436796830855,6.608645328208795,4.736748294998657,7.78256319443261,4.233802842897472,3.369926940184869,2.275089594513169,2.816438320388611,5.029265128188619,2.763754541907585,7.1575483763716985,4.325876410720077,4.044756364800917,3.917973459242269,4.485535297275836,4.659208225589643,4.535567558574417,5.319877280907404,1.6450074342426637,4.334846631861818,6.95069886436237,3.0017644386382774,2.915373780074523,5.319877280907404,2.612216410697442,1.6450074342426637,4.088478969735418,7.187899775071849,2.773353154961795,3.4801487574953716,2.816438320388611,3.925119522306374,2.0156761975296713,4.9485447726785114,5.270545458643008,2.3622486019748097,4.545559102552311,4.657517705959239,3.1950181583003605,3.688952503998085,3.1407337937745248,2.948968319394679,4.791756869991049,2.8514514465906244,3.9429322346331026,6.310443614805707,5.432034497960442,3.316283693226283,2.948968319394679,3.967908769012798,4.455939844325749,4.319233193802239,4.666300371389138,2.3622486019748097,5.390825481139376,2.9165936344344496,3.1276732781179546,4.352251581893856,3.7190877373638638
24,6.135434242559014,9.880860996172032,4.864613316909542,3.4670642248376393,8.69703246619856,3.3600890482157406,2.9168901025740497,5.92742606551126,4.18743211372365,3.1796033349741073,4.037939551364258,8.97314775042785,5.1609777982888945,6.364127237073838,5.89384457095979,1.8099439176849694,9.255990534972222,6.008717225419697,5.041061932216025,10.325748910160431,7.556161548833882,2.8325453336147612,1.8099439176849694,7.035407159418571,0.0,4.149939399358725,4.391480317062021,9.880860996172032,4.807437858751011,3.639112970210105,4.670748533682495,4.233676918206016,9.065950186945257,2.2696818044790086,4.297852553338077,3.864587585004256,1.645064917371867,1.6855639912984117,2.6961699074477146,3.639112970210105,4.901827999653535,0.894132296627201,0.6814815353044463,2.2696818044790086,1.389258694228956,8.177685465136701,7.3138095624240975,5.619365572959374,4.18743211372365,8.97314775042785,4.793338273622955,1.8727867304222685,8.9361919482491,8.655071902329942,3.964829793867421,4.919483322410813,4.676786580872653,4.042748322595512,3.9913330654204744,5.240039755557624,4.842267836645447,3.2132404078500896,4.266972313604136,4.286367573409563,3.9913330654204744,4.780667007296143,5.240039755557624,4.44306942528392,1.2607359821675,4.517178466350792,7.974407098651388,4.18743211372365,7.869002144545602,6.135434242559014,2.352577491251366,9.880860996172032,5.037698015640126,3.676333826229211,2.5373000148219678,4.9869302782590506,3.3483733115190373,3.746437420264594,4.088357496122443,2.702463860222499,4.603473171390277,4.166861799197158,4.513100565406412,9.375917120199674,6.189721275576554,4.088357496122443,8.578224306541822,5.295689453790497,4.465217039774735,9.276615908918163,5.037698015640126,4.730007754730097,3.864587585004256,5.96023162765359,3.3383994364738383,4.955139874092096
25,3.077553995002345,7.294074947080812,0.6263776128335299,1.1658502345217583,6.110246417107342,2.3546980016654318,1.9478723659426338,2.1164606281337064,0.5634417697390718,2.174717407187898,2.6496336507481564,6.397273620731041,1.3552192489015507,2.810277243027327,2.775711535277521,1.9887230508911484,6.669204485881004,2.890584189737427,1.235303382828682,6.9575807380234,4.969375499742662,2.3736040858987297,1.9887230508911484,3.216567935819101,4.133419928790718,0.0,0.9703634543837353,7.294074947080812,0.6205577769117548,1.8266005154183182,0.4838684518432388,0.8125600555277304,6.479164137854038,2.4682763078161396,0.059616849262066,0.6354558177623528,4.258142343213859,4.945609095797256,2.3085855050189292,1.8266005154183182,1.9503667735894783,4.154177401126045,3.4519383934862717,2.4682763078161396,4.6493037987278,5.601811335439893,4.737935432727291,2.006580829523453,0.5634417697390718,6.397273620731041,1.1469059060986473,4.022078368052947,6.3494058991578814,6.068285853238721,1.2011233431392372,3.3006269250970144,2.900772276045148,1.8187174424713846,2.603027164804373,1.5622566707998489,2.5227745825255257,4.650457948667551,0.0287366095281254,0.4406432893340259,2.603027164804373,0.5937869254568869,1.5622566707998489,2.9715765684266744,4.031192840349325,0.27894276227478043,5.398532968954581,0.5634417697390718,5.293128014848795,3.077553995002345,1.791837837955989,7.294074947080812,0.8508179338008712,1.7335533876708378,2.376379889287142,1.382946108964068,1.8768804546617923,1.3286617444382323,1.1368962700583864,1.7915373950611138,0.36523746731426576,0.6769962513581081,4.56783871230021,6.800042990502863,2.378755838199001,1.1368962700583864,5.991438257450603,2.791308855970417,2.9937241829174894,6.689829859826942,0.8508179338008712,3.648220578633879,0.6354558177623528,2.5042044439049382,2.609646679388358,1.8370068384098275
26,3.4869543937539755,7.540206300849443,1.14760338499314,0.9244160922243811,6.38328335877279,2.664987604529492,1.8971838412739437,1.954186419155092,1.6221015288400926,2.373140083510012,1.994876994076431,6.806674019482672,1.1877381519327275,3.2196776417789574,1.8053480808937856,2.187145727213262,6.355159925511603,1.9202207353536922,1.0678222858598585,6.440368275415883,5.378775898494292,2.5720267622208435,2.187145727213262,3.6259683345707314,4.331842605112832,0.9703634543837352,0.0,7.540206300849443,1.0299581756633849,1.3019035407494706,0.8356811933505414,0.1578033988560048,6.7522010795194864,3.5269360669171608,1.0227402315192187,1.6941155768633736,4.456565019535973,5.144031772119369,2.6188751078829893,1.3019035407494706,3.009026532690499,4.352600077448159,3.6503610698083855,3.5269360669171608,4.847726475049914,6.011211734191524,5.147335831478921,2.731694862856676,1.6221015288400926,6.806674019482672,0.820098627266788,4.220501044375061,6.5261605439677925,5.802255238016453,0.5463666864675117,4.359286684198035,3.9594320351461687,1.071487953275356,1.9482705081326472,1.9716570695514788,3.5814343416265464,4.237730507473137,1.0873963686291461,1.4382515517692618,1.9482705081326472,1.003187324208517,1.9716570695514788,4.030236327527694,4.229615516671439,0.8529198933801929,5.8079333677062115,1.6221015288400926,5.702528413600426,3.4869543937539755,1.9902605142781027,7.540206300849443,1.2602183325525014,1.20885641300199,3.3219623716713884,2.441605868065089,2.935540213762813,2.387321503539253,2.195556029159407,2.1018269979251736,0.9310181850090223,0.9872858542221684,3.597475257916476,7.209443389254494,2.216481629220386,2.195556029159407,5.972261934758417,3.849968615071438,4.05238394201851,6.935961213595572,1.2602183325525014,2.6778571242501434,1.6941155768633736,1.9869919812974233,1.6392832250046225,0.8666433840260923
27,4.193377097544616,0.0,7.314824950573081,7.912160563323544,1.0836208484816705,8.346581448209799,8.884928312373107,7.083448695859745,6.8458985330873645,9.360884554609177,9.395943979549942,1.3879196813287742,6.903590180339222,4.42207009205944,8.245015767113738,9.174890198312426,2.0368281434270634,8.359888421573645,6.469553188857715,4.0825357363918595,2.1818516610318097,9.559771233320008,9.174890198312426,5.270977058267984,9.961584717679461,7.207099891256463,7.601745105073557,0.0,6.652545359555088,8.66806644299855,6.7481695313112855,7.558870384329516,1.0836208484816705,7.664450943173149,6.972633705799575,6.946053847133204,10.52263364232899,11.006571139676561,9.229526509465744,8.66806644299855,7.7918990356245255,10.215139445005347,10.002488683682595,7.664450943173149,10.710265842607104,1.9159248346691538,2.653016321863209,5.742392591446508,6.8458985330873645,1.3879196813287742,6.793214754606342,10.842783733236192,1.6099930727725713,2.2780176044127325,7.947433671941023,6.663236197290781,6.836909125604589,8.565027771273172,9.349337493606159,5.6744676469414195,7.320176246113768,10.980159077061128,7.031224651337031,6.944833992773277,9.349337493606159,6.6416766233961955,5.6744676469414195,6.266179869750363,10.581743130545647,6.80281336766055,2.598541552263568,6.8458985330873645,3.0721785618747646,4.193377097544616,8.978004985377266,0.0,6.3917088146735646,8.575019315251069,8.25837681192226,7.224478370999114,7.03920772798044,7.170194006473279,6.978428532093433,8.821217082689804,6.880911659289379,7.972392447331856,10.339903827504466,1.158502800224018,7.345743905925039,6.978428532093433,2.3854197354436577,7.773597863258818,6.496934093817185,0.4950982336538916,6.3917088146735646,9.420285693838135,6.946053847133204,5.912888837686399,8.381711794592613,7.748547950062621
28,2.538146629864388,6.754667581942856,0.7065188029506991,1.3038544157011618,5.570839051969386,3.0417880500167986,2.2766221647507243,1.2885807204416575,1.1622355133731528,2.7525784069867925,2.78763783192756,5.857866255593086,0.5221324532192922,2.27086987788937,1.9759603407405113,2.5665840506900426,6.039285592436859,2.090832995200418,0.4022165871464235,6.1244939423411395,4.429968134604706,2.951465085697624,2.5665840506900426,2.677160570681144,4.711280928589613,0.5987937436340809,0.9934389574511754,6.754667581942856,0.0,2.0597602953761647,0.13986338368890353,0.9505642367071339,5.939756772716082,3.067070051450221,0.36432755817719314,1.234249561396434,4.836003343012753,5.523470095596149,2.9956755533702957,2.0597602953761647,2.5491605172235587,4.732038400924939,4.029799393285166,3.067070051450221,5.227164798526694,5.062403970301938,4.1985280675893355,1.782887098967088,1.1622355133731528,5.857866255593086,0.313819110416389,4.5999393678518405,5.809998534019925,5.48638090494171,1.3391275243186407,3.8994206687310955,3.499566019679229,1.956721623650788,2.7410313459837763,1.022849305661892,3.1215683261596068,4.943733189688207,0.6275303531622063,1.0394370329681069,2.7410313459837763,0.0543795603189303,1.022849305661892,3.570370312060755,4.60905384014822,0.19450722003816734,4.859125603816626,1.1622355133731528,4.75372064971084,2.538146629864388,2.369698837754883,6.754667581942856,0.3114105686629146,1.966713167628684,2.975173632921224,1.981739852598149,2.475674198295873,1.927455488072313,1.7356900136924673,2.47862744341248,0.27260551166699676,1.364086299709475,4.303477940131545,6.260635625364908,1.5508759305069517,1.7356900136924673,5.452030892312647,3.3901025996044982,3.5925179265515705,6.150422494688986,0.3114105686629146,3.383859806465213,1.234249561396434,1.6711176482226797,2.3452859072196923,1.162806268105216
29,4.539457870522622,8.75597882260109,2.200106861761788,0.7559058796750027,7.5721502926276205,2.870421224548347,0.5764680745032219,3.2073680155237874,2.467284612148044,1.7510407204246832,1.6089501090014409,7.85917749625132,2.4409197483014218,4.272181118547604,3.0585296772624795,1.4834206918938984,7.608341521880297,3.173402331722386,2.321003882228553,7.693549871784579,6.431279375262941,1.8683017269014799,1.4834206918938984,4.678471811339379,3.6281175697934684,1.868375555620701,1.2531815963686943,8.75597882260109,2.0824616524320327,0.0,1.945772327363517,1.0043007548350618,7.941068013374317,4.372119150225113,2.0162887096000524,2.539298660171325,3.7528399842166094,4.4403067368000055,2.824308727901844,0.0,3.8542096159984505,3.648875042128795,2.946636034489022,4.372119150225113,4.14400143973055,7.063715210960172,6.19983930824757,3.7841983396253234,2.467284612148044,7.85917749625132,2.0732802236354826,3.5167760090556968,7.779342140336489,7.055436834385149,0.7068149099011828,5.204469767505986,4.80461511845412,0.7847334386292724,1.562343623057657,3.024160546320126,4.426617424934498,3.8508493294046438,1.9854084698661119,2.2143473152329656,1.562343623057657,2.055690800977165,3.024160546320126,4.875419410835647,3.5258904813520755,1.905423370148841,6.86043684447486,2.467284612148044,6.755031890369074,4.539457870522622,1.2865354789587389,8.75597882260109,2.3127218093211495,0.0,3.527395991690243,3.2867889513730404,3.780723297070765,3.2325045868472047,3.040739112467359,2.3072606179440283,1.9835216617776703,1.8852979554591345,3.88624174232958,8.261946866023141,3.4696632255890814,3.040739112467359,7.225443531127113,4.695151698379389,4.897567025326461,8.151733735347221,2.3127218093211495,2.8573116256796727,2.539298660171325,3.240173577666118,1.3980668518627657,2.1198249803947866
30,2.688678336723045,6.905199288801513,0.5666554192617956,1.1639910320122584,5.7213707588280425,2.901924666327895,2.136758781061821,1.727584969854407,1.0223721296842492,2.612715023297889,2.6477744482386565,6.008397962451742,0.9663435906222515,2.421401584748027,2.4201714781434704,2.4267206670011396,6.280328827601705,2.535044132603377,0.8464277245493828,6.568705079744099,4.580499841463363,2.811601702008721,2.4267206670011396,2.8276922775398017,4.57141754490071,0.4589303599451773,0.6975430014653301,6.905199288801513,0.2316821186324558,1.919896911687261,0.0,0.8107008530182304,6.090288479574739,2.9272066677613173,0.2244641744882896,1.09438617770753,4.69613995932385,5.383606711907246,2.855812169681392,1.919896911687261,2.4092971335346554,4.592175017236036,3.889936009596263,2.9272066677613173,5.087301414837791,5.212935677160594,4.3490597744479915,1.9334188058257458,1.0223721296842492,6.008397962451742,0.7580302478193482,4.460075984162938,5.960530240878582,5.679410194959423,1.1992641406297373,3.7595572850421917,3.3597026359903253,1.8168582399618847,2.601167962294873,1.1733810125205497,2.981704942470703,5.088455564777542,0.4876669694733027,0.8995736492792032,2.601167962294873,0.2049112671775879,1.1733810125205497,3.4305069283718517,4.469190456459317,0.0546438363492638,5.009657310675282,1.0223721296842492,4.904252356569496,2.688678336723045,2.22983545406598,6.905199288801513,0.4619422755215722,1.8268497839397806,2.8353102492323203,1.8418764689092455,2.33581081460697,1.7875921043834095,1.5958266300035637,2.338764059723576,0.1327421279780932,1.224222916020571,4.561795825843764,6.411167332223564,1.9898801799197012,1.5958266300035637,5.602562599171304,3.250239215915595,3.4526545428626667,6.3009542015476425,0.4619422755215722,3.642177692177433,1.09438617770753,2.1153287856256386,2.6036037929319122,1.6070174055081754
31,3.444079673009934,7.660600625088401,1.1047286642490985,0.7666126933683762,6.476772095114931,2.507184205673487,1.7393804424179387,2.111989818011097,1.4642981299840878,2.215336684654007,1.7459961525427983,6.76379929873863,1.3455415507887323,3.176802921034916,1.9631514797497907,2.029342328357257,6.512963324367607,2.0780241342096972,1.2256256847158635,6.598171674271888,5.335901177750251,2.4142233633648384,2.029342328357257,3.58309361382669,4.174039206256826,0.8125600555277304,0.1578033988560049,7.660600625088401,0.9870834549193436,1.0530226992158378,0.8503941298508275,0.0,6.845689815861627,3.369132668061156,0.9604732095070819,1.536312178007369,4.298761620679968,4.986228373263364,2.4610717090269847,1.0530226992158378,2.851223133834494,4.194796678592153,3.4925576709523805,3.369132668061156,4.689923076193908,5.968337013447482,5.10446111073488,2.6888201421126343,1.4642981299840878,6.76379929873863,0.9779020261227928,4.062697645519055,6.683963942823798,5.960058636872458,0.2974858449338791,4.2014832853420305,3.801628636290164,0.9150799442660266,1.6993896665990145,1.9287823488074372,3.423630942770542,4.368479481186538,0.9295929697731413,1.280448152913257,1.6993896665990145,0.9603126034644757,1.9287823488074372,3.87243292867169,4.071812117815434,0.8100451726361515,5.76505864696217,1.4642981299840878,5.659653692856384,3.444079673009934,1.8324571154220977,7.660600625088401,1.21734361180846,0.9599755714683573,3.164158972815384,2.283802469209084,2.7777368149068082,2.2295181046832484,2.0377526303034026,1.9440235990691692,0.8881434642649809,0.8294824553661636,3.7552786567724805,7.166568668510452,2.3742850280763914,2.0377526303034026,6.130065333614422,3.6921652162154333,3.8945805431625056,7.056355537834531,1.21734361180846,2.8356605231061485,1.536312178007369,2.144795380153428,1.7970866238606276,1.0244467828820973
32,3.3674381599251357,1.0836208484816705,6.488886012953602,7.086221625704065,0.0,7.520642510590318,8.058989374753628,6.257509758240265,6.019959595467885,8.534945616989695,8.570005041930463,1.9460553295581422,6.077651242719742,3.5961311544399592,7.419076829494258,8.348951260692946,1.2548112692757296,7.5339494839541645,5.643614251238235,3.308377428422939,1.3559127234123298,8.733832295700529,8.348951260692946,4.445038120648504,9.135645780059983,6.381160953636983,6.7758061674540775,1.0836208484816705,5.826606421935608,7.842127505379067,5.922230593691806,6.732931446710037,0.0,6.838512005553669,6.146694768180096,6.120114909513724,9.696694704709511,10.180632202057083,8.403587571846264,7.842127505379067,6.965960098005046,9.389200507385869,9.176549746063117,6.838512005553669,9.884326904987626,1.7346567452587829,2.2369176119936074,4.9164536538270305,6.019959595467885,1.9460553295581422,5.967275816986862,10.016844795616713,0.3394600860979624,1.5038592964438129,7.121494734321543,5.837297259671302,6.01097018798511,7.739088833653692,8.52339855598668,4.84852870932194,6.494237308494288,10.154220139441648,6.205285713717552,6.118895055153797,8.52339855598668,5.815737685776716,4.84852870932194,5.440240932130883,9.755804192926169,5.97687443004107,1.7726026146440885,6.019959595467885,2.2462396242552845,3.3674381599251357,8.152066047757787,1.0836208484816705,5.565769877054085,7.749080377631587,7.432437874302781,6.398539433379634,6.21326879036096,6.3442550688537995,6.152489594473954,7.995278145070325,6.054972721669899,7.1464535097123765,9.513964889884987,1.716638448453386,6.519804968305559,6.152489594473954,1.3017988869619874,6.947658925639338,5.670995156197705,0.4793757612278009,5.565769877054085,8.594346756218654,6.120114909513724,5.086949900066918,7.555772856973133,6.922609012443141
33,4.715879631405608,8.461306385018625,3.885348729838587,3.464466701706205,7.277477855045156,2.1048203867943567,3.790954622922197,5.375431745138763,2.767877502570245,3.081337993250483,4.864367469836244,7.553593139274442,4.614190365906608,4.944572625920432,5.343155033959646,2.684008438033117,7.836435923818819,5.458027688419553,4.494274499833739,8.906194299007028,6.136606937680476,3.4893857354085083,2.684008438033117,5.615852548265164,1.5146420896494628,3.2275173502018006,3.5378069530658616,8.461306385018625,3.8795288939168113,3.766783430845257,3.7428395688482956,3.3800035542098565,7.6463955757918525,0.0,3.3185879662671227,2.445032973850851,2.0756910142989953,2.5596285116465594,1.4409012460263306,3.766783430845257,3.4822733885001287,1.7681968169753484,1.5555460556525937,0.0,2.2633232145771034,6.758130853983294,5.894254951270692,4.199810961805968,2.767877502570245,7.553593139274442,4.35790558033265,2.3958411052061965,7.516637337095696,7.235517291176536,3.7685668418213636,3.4999287112574087,3.257231969719247,4.040150799464077,4.817760983892461,3.8204851444042163,3.4227132254920414,4.0460948649493105,2.9532036208199113,2.866812962256157,4.817760983892461,3.8527580424619434,3.8204851444042163,3.0235148141305133,2.134800502515647,3.537913879279837,6.554852487497982,2.767877502570245,6.449447533392196,4.715879631405608,3.2266420115995134,8.461306385018625,4.109789050805928,3.6737363030977765,1.2820313534005834,3.5673756671056465,1.9288187003656314,2.326882809111188,2.668802884969037,1.4471951988011151,3.624208584319322,3.0564921467455144,4.532485128523834,7.956362509046264,5.637726955204057,2.668802884969037,7.158669695388418,3.8761348426370916,3.0456624286213287,7.857061297764756,4.109789050805928,5.434806613154024,2.445032973850851,5.524798934363285,3.9755618393371166,4.404450337091953
34,2.8038548385128075,7.020375790591275,0.35267845634399286,1.2817766671486337,5.836547260617804,2.4706244342923074,2.063798798569509,1.8427614716441694,0.5910718976486616,2.2906438398147735,2.765560083375032,6.123574464241504,1.0815200924120136,2.5365780865377894,2.535347979933233,2.1046494835180236,6.395505329391467,2.6502206343931394,0.9616042263391448,6.6838815815338615,4.695676343253124,2.489530518525605,2.1046494835180236,2.942868779329564,4.249346361417593,0.0276301279095898,1.0637448691159737,7.020375790591275,0.34685862042221777,1.9425269480451934,0.21016929535370182,0.9284864881546058,6.205464981364501,2.4959064357257295,0.0,0.6630859456719427,4.374068775840734,5.06153552842413,2.4245119376458044,1.9425269480451934,1.9779969014990681,4.27010383375292,3.567864826113147,2.4959064357257295,4.765230231354675,5.328112178950357,4.464236276237754,2.034210957433043,0.5910718976486616,6.123574464241504,0.8732067496091103,4.138004800679822,6.075706742668344,5.794586696749184,1.3170497757661126,3.3282570530066042,2.928402403954738,1.9346438750982602,2.7189535974312484,1.2885575143103118,2.5504047104351155,4.766384381294426,0.056366737437715204,0.46827341724361576,2.7189535974312484,0.3200877689673499,1.2885575143103118,2.999206696336264,4.147119272976201,0.0052436057852434,5.124833812465044,0.5910718976486616,5.019428858359259,2.8038548385128075,1.9077642705828641,7.020375790591275,0.5771187773113342,1.849479820297713,2.404010017196732,1.4105762368736579,1.9045105825713822,1.3562918723478221,1.1645263979679763,1.907463827687989,0.0915383108247287,0.7929226839849836,4.683765144927085,6.526343834013327,2.1050566817094634,1.1645263979679763,5.717739100961066,2.818938983880007,3.0213543108270793,6.416130703337404,0.5771187773113342,3.764147011260754,0.6630859456719427,2.2305052874154008,2.7255731120152333,1.7221939072979375
35,2.8203220194726604,7.036842971551128,1.2176265413141805,1.9285466238432845,5.853014441577657,1.6064394931387718,2.649635424825589,2.7077095566143567,0.10015531404583859,2.8764804660708525,3.4123300400696825,6.140041645201357,1.946468177382201,2.5530452674976423,3.400296064903421,2.690486109774103,6.411972510351319,3.515168719363327,1.8265523113093323,7.107574416846123,4.712143524212977,3.0753671447816844,2.690486109774103,2.9593359602894167,3.907265049886543,0.6784959056523061,1.7330598437052611,7.036842971551128,1.211806705392405,2.528363574301273,1.0751173803238891,1.5752564448492563,6.221932162324354,1.610131275380232,0.6508657777427164,0.0,4.468313974536077,4.952251471883638,2.4893845543947197,2.528363574301273,1.487080317896245,4.160819777212428,3.9481690158896736,1.610131275380232,4.655946174814183,5.34457935991021,4.480703457197607,1.54329437383022,0.10015531404583859,6.140041645201357,1.7381548345792976,4.723841426935901,6.092173923628197,5.811053877709036,1.9638197324607631,2.837340469403781,2.4374858203519145,2.5814138317929105,3.365723554125899,1.1639685564284692,2.059488126832293,5.352221007550506,0.285481432295505,0.1990907737317508,3.365723554125899,1.1850358539375372,1.1639685564284692,2.5082901127334405,4.5274234627527274,0.8701916907554308,5.141300993424897,0.10015531404583859,5.035896039319112,2.8203220194726604,2.4936008968389434,7.036842971551128,1.4420668622815216,2.4353164465537924,1.5182348568512343,0.9196596532708348,1.413593998968559,0.8653752887449989,0.6736098143651532,2.075473863648276,0.9564863957949161,1.2517450373849148,5.330535101621734,6.5428110149731795,2.9700047666796507,0.6736098143651532,5.734206281920918,2.328022400277184,2.530437727224256,6.432597884297257,1.4420668622815216,4.410916967955404,0.0,3.095453372385588,3.3723430687098834,2.587141992268125
36,6.454133197779688,10.4681794686418,4.937013191420433,3.552184290347682,9.296198573806082,4.221338161499931,3.0020101680840923,4.882159586947453,4.786598221331173,3.5055632402386854,3.538243374900061,9.572313858035372,4.115711319725087,6.186856445804671,4.848578092395981,1.895063983195012,9.283133093303963,4.963450746855888,3.995795453652218,9.368341443208243,8.155327656441404,3.0194638047041495,1.895063983195012,6.5931471385964455,1.645064917371867,4.235059464868767,3.680658293122557,10.4681794686418,4.01796536969923,3.7242330357201476,4.370357772158637,3.838461691978562,9.665116294552778,2.868847912086531,4.38297261884812,4.463753692611778,0.0,1.1707524208904596,3.5574190207319045,3.7242330357201476,5.500994107261057,0.6146945554122063,1.3395808214940659,2.868847912086531,0.874447123821004,8.776851572744222,7.91297567003162,5.699064144742473,4.786598221331173,9.572313858035372,3.748071795059148,0.29323192673466014,9.454133711760152,8.730228405808814,4.049949859377464,5.5186494300183355,5.275952688480174,4.127868388105554,3.491636888956277,4.939026351437276,5.441433944252968,1.9434856864777739,4.352092379114179,4.581031224481032,3.491636888956277,4.284873948788663,4.939026351437276,5.042235532891441,0.9398700782158441,4.425001608507901,8.573573206258908,4.786598221331173,8.468168252153124,6.454133197779688,2.4376975567614085,10.4681794686418,4.541904957132647,3.7614538917392535,3.3985491281061577,5.586096385866573,3.9475394191265596,4.345603527872116,4.687523603729965,3.5637129735066893,4.50309990013673,4.251981864707201,3.0941367721441226,9.975083227807195,5.144454797012747,4.687523603729965,8.900235102550775,5.8948555613980185,5.064383147382256,9.863934381387931,4.541904957132647,3.996458256774312,4.463753692611778,4.914965149089783,2.5372134829574047,3.909873395528289
37,7.1804206645561095,10.925847418169129,5.67680248391608,4.279253391844177,9.742018888195657,4.405075470212836,3.729079269580587,5.826810883728338,5.232418535720746,3.9917925019806444,4.482894671680944,10.018134172424945,5.060362616505972,7.131507742585556,5.793229389176868,2.622133084691507,10.227784390084848,5.908102043636775,4.940446750433103,10.312992739989127,8.60114797083098,3.6447345006212983,2.622133084691507,7.53779843537733,1.685563991298412,4.962128566365263,4.625309589903441,10.925847418169129,4.9626166664801135,4.451302137216642,5.315009068939521,4.783112988759446,10.110936608942353,3.314668226476104,5.110041720344616,4.909574007001352,1.1707524208904596,0.0,3.7411563294448102,4.451302137216642,5.946814421650629,0.6551936293387509,1.3800798954206106,3.314668226476104,0.41569530234477975,9.222671887133796,8.358795984421194,6.643715441523358,5.232418535720746,10.018134172424945,4.6927230918400324,1.3984742339408611,9.981178370246196,9.674879702589699,4.777018960873959,5.964469744407909,5.721773002869745,4.854937489602048,4.43628818573716,5.8836776482181605,5.887254258642539,3.0487279936839746,5.079161480610675,5.308100325977528,4.43628818573716,5.229525245569547,5.8836776482181605,5.488055847281013,0.9803691521423887,5.3293676333573305,9.019393520648483,5.232418535720746,8.913988566542699,7.1804206645561095,3.1647666582579035,10.925847418169129,5.48655625391353,4.488522993235748,3.582286436819063,6.0319167002561445,4.393359733516131,4.791423842261688,5.133343918119537,3.7474502822195945,5.415662338396816,4.979050966203696,4.0387880689250055,10.420903542196768,6.089106093793632,5.133343918119537,9.623210728538918,6.340675875787589,5.510203461771827,10.32160233091526,5.48655625391353,4.941109553555195,4.909574007001352,5.859616445870667,3.481864779738288,4.854524692309174
38,5.146133710377174,9.01686452081126,3.0120441789093166,2.5343196128629057,7.83303599083779,1.1746732979510566,2.9579081925262742,4.502127194209492,2.425967004950353,2.1657416794475814,3.934220380992946,8.109151275067077,3.7408858149773363,4.878856958402157,4.413007945116347,2.998758877474789,8.39199405961145,4.527880599576254,3.6209699489044676,9.048028139638443,6.69216507347311,2.5737894216056065,2.998758877474789,5.285147651193931,2.7549450060017544,2.297370261358501,2.607659864222562,9.01686452081126,3.006224342987541,2.836636342001958,2.8695350179190253,2.449856465366557,8.201953711584487,2.2865150448709604,2.4452834153378524,2.3304542663078824,3.5120788658443547,3.799931427998851,0.0,2.836636342001958,3.5943538189077375,3.00849973332764,2.795848972004885,2.2865150448709604,3.503626130929395,7.313688989775929,6.449813087063326,3.8691060647347344,2.425967004950353,8.109151275067077,3.4277584914893495,3.832228956751556,8.07219547288833,7.7910754269691695,2.838419752978064,4.055486847050043,3.812790105511881,3.1100037106207776,3.8876138950491623,3.489780247332983,3.9782713612846754,5.3276078445505295,2.41387200129316,2.1730297080352745,3.8876138950491623,2.979453491532673,3.489780247332983,3.5790729499231473,3.3751034188679383,2.6646093283505667,7.110410623290616,2.425967004950353,7.005005669184831,5.146133710377174,2.801873664539629,9.01686452081126,3.2364844998766578,2.7435892142544773,1.2106020124394372,3.2454713441753498,2.4843768361582654,2.4389632395187966,2.780883315376646,0.4219630462007202,2.750904033390052,2.126345057902215,5.968872980069192,8.511920644838897,4.764422404274786,2.780883315376646,7.714227831181051,4.431692978429726,3.6012205644139623,8.412619433557392,3.2364844998766578,5.285516988472704,2.3304542663078824,4.5946518455199845,4.098788731323495,3.4743032482486536
39,4.539457870522622,8.75597882260109,2.200106861761788,0.7559058796750027,7.5721502926276205,2.870421224548347,0.5764680745032219,3.2073680155237874,2.467284612148044,1.7510407204246832,1.6089501090014409,7.85917749625132,2.4409197483014218,4.272181118547604,3.0585296772624795,1.4834206918938984,7.608341521880297,3.173402331722386,2.321003882228553,7.693549871784579,6.431279375262941,1.8683017269014799,1.4834206918938984,4.678471811339379,3.6281175697934684,1.868375555620701,1.2531815963686943,8.75597882260109,2.0824616524320327,0.0,1.945772327363517,1.0043007548350618,7.941068013374317,4.372119150225113,2.0162887096000524,2.539298660171325,3.7528399842166094,4.4403067368000055,2.824308727901844,0.0,3.8542096159984505,3.648875042128795,2.946636034489022,4.372119150225113,4.14400143973055,7.063715210960172,6.19983930824757,3.7841983396253234,2.467284612148044,7.85917749625132,2.0732802236354826,3.5167760090556968,7.779342140336489,7.055436834385149,0.7068149099011828,5.204469767505986,4.80461511845412,0.7847334386292724,1.562343623057657,3.024160546320126,4.426617424934498,3.8508493294046438,1.9854084698661119,2.2143473152329656,1.562343623057657,2.055690800977165,3.024160546320126,4.875419410835647,3.5258904813520755,1.905423370148841,6.86043684447486,2.467284612148044,6.755031890369074,4.539457870522622,1.2865354789587389,8.75597882260109,2.3127218093211495,0.0,3.527395991690243,3.2867889513730404,3.780723297070765,3.2325045868472047,3.040739112467359,2.3072606179440283,1.9835216617776703,1.8852979554591345,3.88624174232958,8.261946866023141,3.4696632255890814,3.040739112467359,7.225443531127113,4.695151698379389,4.897567025326461,8.151733735347221,2.3127218093211495,2.8573116256796727,2.539298660171325,3.240173577666118,1.3980668518627657,2.1198249803947866
40,3.6215062260104625,7.83802717808893,2.583258592345064,3.294178674874168,6.654198648115459,2.887910404655904,4.015267475856472,3.68290587429509,1.4657873650767221,4.242112517101736,4.777962091100566,6.941225851739159,3.3121002284130836,3.3542294740354444,4.765928115934303,4.056118160804986,7.213156716889122,4.88080077039421,3.06901036729306,7.908758623383924,5.513327730750779,4.440999195812567,4.056118160804986,3.7605201668272183,4.898384253641381,2.0441279566831896,3.098691894736145,7.83802717808893,2.5774387564232883,3.8939956253321557,2.4407494313547726,2.94088849588014,7.023116368862156,2.6012504791350692,2.0164978287735997,1.5659426791225606,5.4594331782909125,5.9433706756384765,3.7708554659118523,3.8939956253321557,0.0,5.151938980967266,4.939288219644512,2.6012504791350692,5.647065378569021,6.145763566448012,5.281887663735409,2.3444785803680217,1.4657873650767221,6.941225851739159,3.1037868856101802,5.779583269198113,6.893358130165999,6.612238084246839,3.329451783491647,2.080368748493616,1.6805140994417493,3.947045882823794,4.731355605156782,1.9651527629662704,1.302516405922128,6.717853058581389,1.6511134833263885,1.5647228247626344,4.731355605156782,2.5506679049684204,1.9651527629662704,2.0656668525028543,5.518542666507566,2.235823741786314,5.942485199962699,1.4657873650767221,5.837080245856914,3.6215062260104625,3.8592329478698266,7.83802717808893,2.807698913312405,3.8009484975846752,2.799705768368367,1.0492966569186113,1.5534546881344975,1.0052359779109374,0.3715504658768755,3.441105914679159,2.322118446825799,2.6173770884157976,6.696167152652619,7.343995221510982,3.9452010843603844,0.3715504658768755,6.535390488458721,1.5737310083958722,1.879390621752411,7.233782090835059,2.807698913312405,5.776549018986287,1.5659426791225606,4.307000714030945,4.737975119740767,3.9527740432990077
41,6.388988969884899,10.134415723497916,4.885370789244868,3.4878216971729654,8.950587193524445,3.6136437755416257,2.9376475749093762,5.270753018250084,4.4409868410495354,3.200360807309434,3.926836806202691,9.226702477753737,4.5043047510277185,6.575449877107302,5.2371715236986125,1.830701390020296,9.509545262298106,5.352044178158519,4.384388884954849,9.756934874510874,7.809716276159767,2.853302805950088,1.830701390020296,6.981740569899077,0.8941322966272011,4.170696871694051,4.069251724425188,10.134415723497916,4.40655880100186,3.659870442545431,4.691506006017821,4.227055123281192,9.31950491427114,2.5232365318048937,4.3186100256734035,4.118142312330141,0.6146945554122062,0.6551936293387509,2.9497246347735997,3.659870442545431,5.15538272697942,0.0,0.5886482007493999,2.5232365318048937,0.35888833226929506,8.431240192462587,7.567364289749983,5.8729203002852595,4.4409868410495354,9.226702477753737,4.136665226361779,0.8424163684626077,9.189746675574984,8.908626629655826,3.985587266202747,5.173038049736698,4.930341308198537,4.063505794930838,3.8802303202589075,5.327619782739907,5.095822563971331,2.492670128205721,4.2877297859394625,4.516668631306315,3.8802303202589075,4.673467380091293,5.327619782739907,4.696624152609804,0.3251755228036378,4.537935938686118,8.227961825977273,4.4409868410495354,8.122556871871488,6.388988969884899,2.3733349635866925,10.134415723497916,4.930498388435277,3.697091298564537,2.790854742147853,5.240485005584936,3.6019280388449224,3.999992147590479,4.341912223448328,2.956018587548384,4.624230643725603,4.187619271532484,3.482730203446753,9.62947184752556,5.533048228315378,4.341912223448328,8.831779033867706,5.549244181116381,4.718771767100619,9.530170636244048,4.930498388435277,4.385051688076942,4.118142312330141,5.303558580392414,2.925806914260035,4.29846682683092
42,6.176338208562145,9.921764962175164,4.183131781605094,2.7855826895331934,8.737936432201693,3.4009930142188707,2.235408567269604,5.245944530206813,4.067366920581621,2.498121799669661,3.356458016059812,9.014051716430982,4.479496262984448,6.315675789562136,5.2123630356553425,1.128462382380523,9.296894500975352,5.327235690115249,4.3595803969115785,9.732126386467604,7.597065514837013,2.151063798310315,1.128462382380523,6.721966482353911,0.6814815353044466,3.468457864054279,3.7099987817575752,9.921764962175164,4.125956323446565,2.957631434905659,3.9892669983780493,3.55219538290157,9.106854152948388,2.310585770482139,3.6163710180336306,3.905491551007387,1.3395808214940659,1.3800798954206106,2.7370738734508446,2.957631434905659,4.942731965656666,0.5886482007493998,0.0,2.310585770482139,1.0837745983511549,8.218589431139833,7.3547135284272285,5.510505980366005,4.067366920581621,9.014051716430982,4.111856738318508,1.411352510177502,8.977095914252232,8.695975868333072,3.283348258562975,4.960387288413944,4.717690546875783,3.3612667872910653,3.3098515301160285,5.067655217334659,4.883171802648577,2.531758872545643,3.58549077829969,3.8144296236665425,3.3098515301160285,4.099185471991697,5.067655217334659,4.48397339128705,0.2711223486793509,3.835696931046345,8.015311064654519,4.067366920581621,7.909906110548733,6.176338208562145,1.6710959559469198,9.921764962175164,4.35621648033568,2.994852290924765,2.5782039808250983,4.886871259806616,3.389277277522168,3.7873413862677245,4.129261462125574,2.7433678262256294,3.92199163608583,3.4853802638927123,4.176962063124196,9.416821086202805,5.508239740272107,4.129261462125574,8.619128272544954,5.336593419793627,4.506121005777865,9.317519874921295,4.35621648033568,4.04852621942565,3.905491551007387,5.278750092349144,2.6569179011693924,4.27365833878765
43,4.715879631405608,8.461306385018625,3.885348729838587,3.464466701706205,7.277477855045156,2.1048203867943567,3.790954622922197,5.375431745138763,2.767877502570245,3.081337993250483,4.864367469836244,7.553593139274442,4.614190365906608,4.944572625920432,5.343155033959646,2.684008438033117,7.836435923818819,5.458027688419553,4.494274499833739,8.906194299007028,6.136606937680476,3.4893857354085083,2.684008438033117,5.615852548265164,1.5146420896494628,3.2275173502018006,3.5378069530658616,8.461306385018625,3.8795288939168113,3.766783430845257,3.7428395688482956,3.3800035542098565,7.6463955757918525,0.0,3.3185879662671227,2.445032973850851,2.0756910142989953,2.5596285116465594,1.4409012460263306,3.766783430845257,3.4822733885001287,1.7681968169753484,1.5555460556525937,0.0,2.2633232145771034,6.758130853983294,5.894254951270692,4.199810961805968,2.767877502570245,7.553593139274442,4.35790558033265,2.3958411052061965,7.516637337095696,7.235517291176536,3.7685668418213636,3.4999287112574087,3.257231969719247,4.040150799464077,4.817760983892461,3.8204851444042163,3.4227132254920414,4.0460948649493105,2.9532036208199113,2.866812962256157,4.817760983892461,3.8527580424619434,3.8204851444042163,3.0235148141305133,2.134800502515647,3.537913879279837,6.554852487497982,2.767877502570245,6.449447533392196,4.715879631405608,3.2266420115995134,8.461306385018625,4.109789050805928,3.6737363030977765,1.2820313534005834,3.5673756671056465,1.9288187003656314,2.326882809111188,2.668802884969037,1.4471951988011151,3.624208584319322,3.0564921467455144,4.532485128523834,7.956362509046264,5.637726955204057,2.668802884969037,7.158669695388418,3.8761348426370916,3.0456624286213287,7.857061297764756,4.109789050805928,5.434806613154024,2.445032973850851,5.524798934363285,3.9755618393371166,4.404450337091953
44,6.884115367486654,10.629542121099671,5.380497186846624,3.9829480947747204,9.4457135911262,4.10877017314338,3.4327739725111313,5.530505586658881,4.9361132386512905,3.6954872049111884,4.186589374611488,9.721828875355488,4.764057319436516,6.835202445516099,5.4969240921074105,2.325827787622051,9.93147909301539,5.611796746567317,4.6441414533636465,10.01668744291967,8.304842673761522,3.3484292035518424,2.325827787622051,7.241493138307874,1.389258694228956,4.665823269295807,4.329004292833985,10.629542121099671,4.666311369410657,4.154996840147186,5.018703771870064,4.4868076916899895,9.814631311872896,3.0183629294066483,4.813736423275159,4.613268709931896,0.8744471238210039,0.4156953023447798,3.4448510323753547,4.154996840147186,5.650509124581175,0.3588883322692951,1.0837745983511549,3.0183629294066483,0.0,8.926366590064339,8.062490687351737,6.347410144453901,4.9361132386512905,9.721828875355488,4.396417794770576,1.1021689368714054,9.684873073176739,9.378574405520242,4.480713663804503,5.668164447338453,5.425467705800291,4.558632192532592,4.139982888667705,5.587372351148704,5.590948961573085,2.752422696614519,4.782856183541218,5.011795028908072,4.139982888667705,4.93321994850009,5.587372351148704,5.191750550211559,0.6840638550729329,5.033062336287874,8.723088223579026,4.9361132386512905,8.617683269473241,6.884115367486654,2.8684613611884475,10.629542121099671,5.190250956844074,4.192217696166292,3.2859811397496075,5.735611403186691,4.097054436446677,4.495118545192234,4.837038621050083,3.451144985150139,5.119357041327359,4.682745669134239,3.74248277185555,10.124598245127311,5.792800796724175,4.837038621050083,9.326905431469461,6.044370578718135,5.213898164702373,10.025297033845803,5.190250956844074,4.64480425648574,4.613268709931896,5.563311148801211,3.1855594826688325,4.558219395239718
45,2.627368711748029,1.9402852321899573,5.748816564776495,6.346152177526958,1.6796641107231782,6.758614063618206,7.318919926576521,5.517440310063158,5.279890147290778,7.794876168812587,7.829935593753355,0.645648558233497,5.337581794542635,2.8560617062628526,6.679007381317151,7.608881812515838,2.6328714056685714,6.7938800357770575,4.903544803061128,4.363514605778929,1.8165790012440448,7.993762847523419,7.608881812515838,4.233789040586451,8.373617333087868,5.641091505459876,6.03573671927697,1.9159248346691535,5.086536973758501,7.102058057201959,5.182161145514699,5.99286199853293,1.6796641107231782,6.0764835585815575,5.406625320002989,5.380045461336617,8.934666257737401,9.418603755084968,7.641559124874153,7.102058057201959,6.225890649827939,8.627172060413754,8.414521299091001,6.0764835585815575,9.12229845801551,0.0,0.6798439108281078,4.176384205649923,5.279890147290778,0.645648558233497,5.227206368809755,9.254816348644603,2.105092365482817,2.66810004765703,6.381425286144436,5.07526881269919,5.248941741012998,6.9990193854765845,7.783329107809571,4.108459261144833,5.732208861522176,9.41415069126454,5.465216265540445,5.37882560697669,7.783329107809571,5.075668237599609,4.108459261144833,4.678212485158771,8.993775745954053,5.236804981863963,1.722542233106182,5.279890147290778,1.6171372790003962,2.627368711748029,7.411996599580679,1.9159248346691535,4.825700428876978,7.009010929454479,6.670409427330669,5.658469985202527,5.451240343388848,5.6041856206766925,5.412420146296847,7.255208696893218,5.314903273492792,6.406384061535269,8.77389544170788,1.1816285642744286,5.779735520128452,5.412420146296847,2.374682008843281,6.1856304786672265,4.908966709225593,1.8495773314382284,4.825700428876978,7.854277308041546,5.380045461336617,5.547616177898632,6.8157034087960255,6.182539564266034
46,1.7597658389322675,2.766215899972558,4.881213691960733,5.478549304711196,2.1597500046422042,5.891011190802446,6.451317053760759,4.6498374372473945,4.412287274475016,6.927273295996827,6.962332720937593,1.4715792260160976,4.469978921726873,1.988458833447091,5.811404508501387,6.741278939700077,2.9352785164414965,5.926277162961294,4.035941930245365,4.029774441921113,1.4828388373862287,7.126159974707658,6.741278939700077,3.36618616777069,7.50601446027211,4.773488632644114,5.168133846461209,2.6535674945929655,4.2189341009427395,6.234455184386198,4.314558272698937,5.125259125717168,2.289133629054831,5.208880685765797,4.539022447187227,4.512442588520855,8.06706338492164,8.551000882269207,6.773956252058392,6.234455184386198,5.358287777012177,7.759569187597995,7.546918426275241,5.208880685765797,8.25469558519975,0.6761169407249491,0.0,3.308781332834162,4.412287274475016,1.4715792260160976,4.3596034959939916,8.387213475828842,2.3989094866927436,2.334359883799214,5.513822413328675,4.207665939883428,4.381338868197235,6.131416512660823,6.91572623499381,3.24085638832907,4.864605988706414,8.546547818448776,4.597613392724683,4.511222734160929,6.91572623499381,4.208065364783847,3.24085638832907,3.81060961234301,8.126172873138293,4.369202109048201,0.8549393602904203,4.412287274475016,0.7495344061846348,1.7597658389322675,6.544393726764918,2.6535674945929655,3.958097556061216,6.141408056638718,5.802806554514908,4.790867112386765,4.583637470573088,4.736582747860931,4.544817273481085,6.387605824077457,4.4473004006770305,5.538781188719508,7.9062925688921135,1.8743485957879196,4.9121326473126885,4.544817273481085,2.0409418449854653,5.318027605851464,4.041363836409831,2.459046849769881,3.958097556061216,6.986674435225782,4.512442588520855,5.2138760140408165,5.948100535980262,5.314936691450271
47,1.2539694702762045,5.794981198995231,2.5265548801544515,3.1238904929049145,4.6111526690217595,3.5118904293781315,4.0966582419544775,2.2962909342917017,1.5826064075199657,4.358931559544979,4.607673909131312,4.898179872645461,2.1164324187711787,1.3111834949417447,3.4578580055456944,4.17293720324823,5.170110737795422,3.572730660005601,1.6823954272896717,6.239869112983634,3.470281751657081,4.557818238255811,4.17293720324823,2.2033207099842356,5.800050156636324,2.160946999126433,2.8134750346549273,5.794981198995231,1.864275289136458,3.8797963725799174,1.9598994608926557,2.770600313910886,4.980070389768456,3.5029163821300116,2.1333168712168433,1.6827617215658042,6.361099081285855,6.845036578633421,4.074973067080218,3.8797963725799174,2.5286069100571256,6.05360488396221,5.636152545843355,3.5029163821300116,6.548731281563965,4.102717587354313,3.2388416846417103,0.0,1.5826064075199657,4.898179872645461,2.006056993038298,6.206292520410029,4.850312151072299,4.56919210515314,3.159163601522393,3.515548714367405,3.1156940653155387,3.7767577008545405,4.561067423187528,0.5785378229628826,2.714656904102976,6.193001315493084,1.7679325257696321,1.681541867205878,4.561067423187528,1.853406552977566,0.5785378229628826,3.549816704894322,6.215406992706408,2.0145432972419193,3.8994392208690014,1.5826064075199657,3.7940342667632154,1.2539694702762045,3.9760519903130707,5.794981198995231,1.603438744254934,3.786749244832437,3.4236857930905944,1.8182031315958693,2.45512059112944,1.9069018809058798,1.715136406526034,3.5579249571224025,2.0926415888707486,2.7341961308590412,5.55274606593642,5.300949242417283,2.5585861443569957,1.715136406526034,4.492344509365021,2.6063820998426617,3.5069143690172124,5.19073611174136,1.603438744254934,4.63312793227009,1.6827617215658042,2.9203857740275563,3.594554033024569,2.9613901884945766
48,2.7483079714493788,6.964828923527846,1.1174712272683418,1.8283913097974458,5.7810003935543754,1.9292840218581657,2.54948011077975,2.607554242568518,0.0,2.776325152025014,3.3121747260238443,6.068027597178076,1.8463128633363624,2.4810312194743607,3.300140750857582,2.590330795728264,6.339958462328038,3.4150134053174885,1.7263969972634936,7.035560368822842,4.640129476189696,2.9752118307358453,2.590330795728264,2.8873219122661355,4.230109578605937,0.5783405916064674,1.6329045296594225,6.964828923527846,1.1116513913465664,2.4282082602554342,0.9749620662780505,1.4751011308034176,6.149918114301072,1.9329758040996257,0.5507104636968777,0.10015531404583859,4.791158503255471,5.275096000603034,2.492366659560253,2.4282082602554342,1.4150662698729641,4.483664305931823,4.053546138323387,1.9329758040996257,4.978790703533578,5.272565311886928,4.408689409174325,1.471280325806939,0.0,6.068027597178076,1.637999520533459,4.623686112890062,6.020159875604915,5.739039829685756,1.8636644184149245,2.7653264213804998,2.3654717723286334,2.481258517747072,3.2655682400800607,1.091954508405188,1.9874740788090122,5.252065693504667,0.1853261182496664,0.0989354596859122,3.2655682400800607,1.0848805398916985,1.091954508405188,2.43627606471016,4.632800585186441,0.7700363767095921,5.069286945401616,0.0,4.96388199129583,2.7483079714493788,2.3934455827931043,6.964828923527846,1.341911548235683,2.3351611325079538,1.8410793855706282,0.8476456052475536,1.3415799509452782,0.793361240721718,0.6015957663418723,1.9753185496024377,0.8563310817490775,1.1515897233390762,5.230379787575896,6.470796966949898,2.8698494526338125,0.6015957663418723,5.662192233897637,2.256008352253903,2.4584236792009753,6.3605838362739755,1.341911548235683,4.310761653909566,0.10015531404583859,2.99529805833975,3.272187754664045,2.4869866782222863
49,3.4228309970391777,1.574608298173131,6.544278850067643,7.141614462818106,2.0488300761638367,7.554076348909356,8.11438221186767,6.3129025953543065,6.075352432581926,8.590338454103737,8.625397879044504,0.0,6.133044079833784,3.651523991554001,7.474469666608299,8.404344097806986,3.0020373711092296,7.589342321068206,5.6990070883522765,5.047744964074024,2.568332397132196,8.789225132814567,8.404344097806986,5.0292513258776,9.16907961837902,6.436553790751025,6.831199004568119,1.4883904384582936,5.88199925904965,7.897520342493109,5.977623430805847,6.788324283824078,2.0488300761638367,6.871945843872707,6.202087605294137,6.1755077466277655,9.730128543028549,10.214066040376121,8.437021410165302,7.897520342493109,7.021352935119087,9.422634345704907,9.209983584382154,6.871945843872707,9.917760743306664,0.645648558233497,1.4753061961192568,4.971846490941072,6.075352432581926,0.0,6.022668654100904,10.05027863393575,2.5752023004547375,3.2432268320948983,7.176887571435585,5.8707310979903395,6.044404026304147,7.794481670767733,8.57879139310072,4.903921546435981,6.527671146813326,10.20961297655569,6.260678550831593,6.174287892267839,8.57879139310072,5.871130522890757,4.903921546435981,5.473674770449921,9.789238031245207,6.032267267155111,2.5180045183973316,6.075352432581926,2.4125995642915457,3.4228309970391777,8.207458884871826,1.4883904384582936,5.621162714168126,7.804473214745628,7.465871712621818,6.4539322704936755,6.246702628679998,6.399647905967841,6.207882431587995,8.050670982184366,6.110365558783941,7.201846346826418,9.569357726999028,0.2294168811047562,6.5751978054196005,6.207882431587995,3.126435404731433,6.981092763958376,5.704428994516743,1.4603074613360574,5.621162714168126,8.649739593332695,6.1755077466277655,6.299369573786786,7.611165694087174,6.978001849557183
50,2.5053503555591905,6.697183132292771,1.6575997302489847,2.0899253150850954,5.538042777664188,3.830496827390206,3.062693064134658,0.9249505337228627,2.113316440671438,3.5386493063707265,2.9202699580187588,5.825069981287888,0.644212995693136,2.2380736035841724,1.6814410442588896,3.033025620511819,5.5121367569549315,1.7963136987187962,0.2101760042116289,5.597345106859212,4.397171860299508,3.737535985081559,3.033025620511819,2.6443642963759464,5.17772249841139,1.5498746709323663,1.1655092228607138,6.697183132292771,0.7495304431015466,2.4674127636101844,1.090944310987189,1.3233126217167186,5.906960498410885,4.018150978748507,1.3154084854754786,2.1853304886947194,4.80199049679363,5.6728331171040836,3.784384330743703,2.4674127636101844,3.1076748978998814,5.11677525162583,4.496240963106943,4.018150978748507,5.376527820034628,5.029607695996741,4.165731793284138,1.7502813025219714,2.113316440671438,5.825069981287888,0.0,4.623433866215609,5.683137375411123,4.959232069459782,1.7118759093282254,4.457935049407418,4.058080400355552,2.23699717613607,2.873663472074975,0.9902435092167753,3.680082706835929,4.41658435420628,1.5786112804604917,1.9905179602663923,2.873663472074975,0.9844514030720996,0.9902435092167753,4.128884692737078,5.075495409969997,1.1455881473364529,4.826329329511428,2.113316440671438,4.720924375405643,2.5053503555591905,3.155769737138818,6.697183132292771,0.7344835943494673,2.374365635862704,3.9262545602195096,2.5402542332744718,3.0341885789721954,2.4859698687486356,2.2942043943687898,3.267336220785887,1.2236864389652822,2.1527950770828825,3.7763291046496184,6.2278393510597105,1.187245743788157,2.2942043943687898,5.129238766201747,3.801175919299859,4.151032307227893,6.092938045038901,0.7344835943494673,2.856710970983286,2.1853304886947194,1.1439688127407523,1.818137071737765,1.184973227207773
51,6.218069222618777,10.232115493480887,4.70094921625952,3.3161203151867693,9.075192551404236,4.541488252407133,2.7659461929231797,4.6460956117865395,4.597904546235197,3.2694992650777728,3.302179399739148,9.537788848347477,3.8796473445641744,5.950792470643759,4.61251411723507,1.6590000080340994,9.04706911814305,4.7273867716949765,3.7597314784913056,9.132277468047329,8.097172579479311,2.783399829543237,1.6590000080340994,6.357083163435534,1.8727867304222685,3.998995489707855,3.4445943179616445,10.232115493480887,3.781901394538317,3.488169060559235,4.134293796997724,3.6023977168176495,9.444110272150931,3.1889980029937326,4.146908643687207,4.669918594258478,0.29323192673466025,1.3984742339408611,3.8775691116391062,3.488169060559235,5.821144198168257,0.8424163684626078,1.411352510177502,3.1889980029937326,1.1021689368714054,8.742326563056327,7.8784506603437245,5.463000169581561,4.597904546235197,9.537788848347477,3.512007819898235,0.0,9.218069736599238,8.494164430647901,3.813885884216551,5.838799520925537,5.596102779387373,3.891804412944641,3.2555729137953646,4.702962376276364,5.761584035160167,1.7074217113168613,4.116028403953266,4.344967249320119,3.2555729137953646,4.04880997362775,4.702962376276364,5.362385623798641,1.140230161498151,4.188937633346988,8.513862470711071,4.597904546235197,8.433643242465228,6.218069222618777,2.201633581600496,10.232115493480887,4.305840981971734,3.525389916578341,3.7186992190133594,5.417408885460192,4.267689510033759,4.665753618779316,5.007673694637165,3.883863064413891,4.267035924975818,4.015917889546288,2.858072796983209,9.9405582181193,4.9083908218518335,5.007673694637165,8.664171127389862,6.2150056523052175,5.384533238289455,9.627870406227018,4.305840981971734,3.7603942816133995,4.669918594258478,4.67890117392887,2.301149507796492,3.6738094203673763
52,3.237679921228978,1.6099930727725713,6.359127774257445,6.956463387007908,0.2391594820505394,7.390884271894159,7.929231136057471,6.127751519544108,5.890201356771728,8.405187378293538,8.440246803234306,2.4724275538490432,5.947893004023586,3.4663729157438015,7.289318590798101,8.219193021996789,0.6467340664784934,7.404191245258008,5.513856012542078,3.2668040808743752,1.2261544847161725,8.60407405700437,8.219193021996789,4.315279881952347,9.005887541363824,6.251402714940826,6.646047928757921,1.6099930727725713,5.696848183239451,7.71236926668291,5.792472354995649,6.60317320801388,0.3394600860979625,6.7087537668575115,6.016936529483939,5.990356670817567,9.566936466013356,10.050873963360925,8.273829333150106,7.71236926668291,6.836201859308889,9.25944226868971,9.046791507366958,6.7087537668575115,9.754568666291467,2.1600850000184226,2.5673231693566305,4.786695415130872,5.890201356771728,2.4724275538490432,5.837517578290705,9.887086556920558,0.0,1.3789852692123417,6.9917364956253865,5.707539020975144,5.881211949288952,7.609330594957535,8.393640317290522,4.718770470625783,6.36447906979813,10.024461900745491,6.075527475021395,5.98913681645764,8.393640317290522,5.685979447080559,4.718770470625783,5.310482693434725,9.62604595423001,5.847116191344913,1.6428443759479312,5.890201356771728,2.1164813855591267,3.237679921228978,8.02230780906163,1.6099930727725713,5.436011638357928,7.61932213893543,7.302679635606622,6.268781194683477,6.083510551664802,6.214496830157643,6.022731355777797,7.8655199063741685,5.925214482973742,7.01669527101622,9.38420665118883,2.243010672744287,6.390046729609402,6.022731355777797,1.1291675941449675,6.81790068694318,5.541236917501546,1.0057479855187017,5.436011638357928,8.464588517522497,5.990356670817567,4.870350883076853,7.426014618276976,6.792850773746984
53,2.949035787982529,2.217869746215359,6.070483641010996,6.667819253761459,1.2600421301256748,7.102240138647709,7.640587002811022,5.839107386297659,5.601557223525279,8.116543245047088,7.918082798622766,3.0803042272918315,5.6592488707771365,3.1777287824973524,6.772508764437564,7.930548888750339,0.7050873082713917,6.887381418897471,5.225211879295629,2.373044014122062,0.9375103514697234,8.31542992375792,7.930548888750339,4.026635748705897,8.717243408117373,5.962758581694377,6.163322063464721,2.217869746215359,5.408204049993002,7.42372513343646,5.5038282217492,6.314529074767431,1.4437114382464393,6.4201096336110615,5.72829239623749,5.701712537571118,9.278292332766906,9.762229830114473,7.985185199903656,7.42372513343646,6.54755772606244,8.970798135443259,8.758147374120506,6.4201096336110615,9.465924533045015,2.7890788281159593,2.278679036110181,4.498051281884424,5.601557223525279,3.0803042272918315,5.320707751930168,9.598442423674108,1.0208826480751354,0.0,6.703092362378937,5.418894887728694,5.592567816042502,7.234810016740078,7.871476312678983,4.430126337379334,6.07583493655168,9.414397194810286,5.786883341774946,5.700492683211191,7.871476312678983,5.39733531383411,4.430126337379334,5.021838560188275,9.337401820983558,5.558472058098464,1.3542002427014819,5.601557223525279,1.8278372523126776,2.949035787982529,7.73366367581518,2.217869746215359,5.147367505111479,7.33067800568898,7.014035502360172,5.980137061437028,5.794866418418352,5.9258526969111935,5.734087222531348,7.576875773127719,5.636570349727293,6.7280511377697705,8.774141945253627,2.850887346187075,5.93213752397707,5.734087222531348,0.8466310475470681,6.52925655369673,5.252592784255096,1.6136246589614895,5.147367505111479,7.854523811587292,5.701712537571118,4.231089435019586,6.815949912341772,6.18278606781178
54,3.8326429606214405,8.049163912699909,1.4932919518606051,0.8582060017265926,6.865335382726438,2.8957474932849947,1.4514323221006367,2.500553105622604,1.8528614175955946,1.9952115046961891,1.4485103076089194,7.1523625863501366,1.7341048384002389,3.5653662086464224,2.351714767361297,1.8092171483994395,6.901526611979114,2.4665874218212034,1.6141889723273701,6.986734961883395,5.724464465361758,2.194098183407021,1.8092171483994395,3.9716569014381964,3.9539140262990093,1.2011233431392372,0.5463666864675117,8.049163912699909,1.3756467425308503,0.7555368542819588,1.2389574174623343,0.2974858449338791,7.234253103473135,3.757695955672663,1.3490364971185886,1.9248754656188756,4.07863644072215,4.766103193305546,2.8496349966384917,0.7555368542819588,3.239786421446001,3.974671498634336,3.272432490994563,3.757695955672663,4.4697978962360905,6.356900301058989,5.493024398346386,3.077383429724141,1.8528614175955946,7.1523625863501366,1.3664653137342995,3.8425724655612377,7.0725272304353055,6.3486219244839655,0.0,4.590046572953537,4.190191923901671,0.4311143201100344,1.4019038216651356,2.3173456364189438,3.8121942303820484,4.07099363625266,1.3181562573846481,1.669011440524764,1.4019038216651356,1.3488758910759824,2.3173456364189438,4.260996216283196,3.8516869378576164,1.1986084602476583,6.1536219345736765,1.8528614175955946,6.048216980467891,3.8326429606214405,1.61233193546428,8.049163912699909,1.6059068994199668,0.6624897265344784,3.552722260426891,2.672365756820591,3.166300102518315,2.618081392294755,2.426315917914909,2.332586886680676,1.2767067518764876,1.2180457429776705,4.106386049177596,7.555131956121959,2.762848315687898,2.426315917914909,6.51862862122593,4.080728503826941,4.283143830774011,7.444918825446038,1.6059068994199668,3.0774559325276885,1.9248754656188756,2.5333586677649347,1.6182111587107815,1.413010070493604
55,2.9566799492479143,6.702106702860932,3.911911044269669,4.622831126798772,5.518278172887461,3.283221721580328,5.343919927781076,5.011558326219694,2.794439817001327,5.5707649690263406,6.106614543025169,5.794393457116749,4.64075268033769,3.185372943762738,6.094580567858908,5.384770612729591,6.077236241661124,6.209453222318815,4.397662819217664,7.146994616849334,4.377407255522781,5.769651647737172,5.384770612729591,4.568894702642644,4.898224991049991,3.372780408607795,4.427344346660749,6.702106702860932,3.9060912083478936,5.222648077256761,3.769401883279378,4.269540947804744,5.887195893634158,2.6010912165436797,3.345150280698205,2.894595131047166,5.459273915699523,5.943211413047088,4.166166782836276,5.222648077256761,2.080368748493616,5.151779718375877,4.939128957053122,2.6010912165436797,5.646906115977632,4.9989311718256015,4.135055269112999,3.5305591816978024,2.794439817001327,5.794393457116749,4.432439337534786,5.779424006606724,5.757437654938001,5.4763176090188415,4.658104235416251,0.0,0.2340140120784801,5.275698334748399,6.060008057081386,3.2938052148908743,0.800891810264429,7.429677766349838,2.9797659352509935,2.893375276687239,6.060008057081386,3.8793203568930257,3.2938052148908743,0.3970563275404193,5.518383403916176,3.5644761937109193,4.795652805340289,2.794439817001327,4.690247851234504,2.9566799492479143,5.187885399794432,6.702106702860932,4.13635136523701,5.129600949509281,3.195017085292791,2.342801929764694,1.4554233006943496,1.9743015158080215,2.098463169196122,3.8801736673295286,3.6507708987504044,3.9460295403404024,7.91606802992436,6.1971628268885715,5.273853536284988,2.098463169196122,5.399470013230723,1.2543134274094792,0.4593936788067675,6.097861615607061,4.13635136523701,7.105201470910892,2.894595131047166,5.635653165955549,6.0666275716653715,5.281426495223614
56,3.1303528775617204,6.875779631174737,3.5120563952178023,4.222976477746905,5.6919511012012665,3.0583395653908365,4.944065278729209,4.611703677167827,2.3945851679494607,5.170910319974475,5.706759893973302,5.968066385430555,4.240898031285822,3.359045872076544,5.69472591880704,4.984915963677724,6.250909169974928,5.809598573266947,3.9978081701657975,7.320667545163139,4.551080183836587,5.369796998685305,4.984915963677724,4.689317969699956,4.6733428348605,2.972925759555928,4.027489697608882,6.875779631174737,3.5062365592960267,4.822793428204894,3.369547234227511,3.8696862987528777,6.060868821947963,2.376209060354187,2.945295631646338,2.4947404819952994,5.234391759510031,5.718329256857595,3.9412846266467843,4.822793428204894,1.6805140994417496,4.926897562186385,4.714246800863631,2.376209060354187,5.42202395978814,5.172604100139408,4.308728197426805,3.130704532645936,2.3945851679494607,5.968066385430555,4.032584688482919,5.554541850417232,5.931110583251806,5.649990537332646,4.258249586364384,0.2340140120784801,0.0,4.875843685696532,5.660153408029519,2.893950565839008,0.4010371612125626,7.204795610160347,2.579911286199127,2.4935206276353727,5.660153408029519,3.479465707841159,2.893950565839008,0.4627626508683122,5.2935012477266845,3.1646215446590524,4.969325733654095,2.3945851679494607,4.86392077954831,3.1303528775617204,4.788030750742565,6.875779631174737,3.7364967161851435,4.729746300457413,2.970134929103299,1.9429472807128274,1.2075991629855005,1.7264773780991725,1.698608520144256,3.6552915111400366,3.2509162496985375,3.5461748912885356,7.624964955525356,6.3708357552023775,4.873998887233121,1.698608520144256,5.5731429415445275,0.8544587783576127,0.2253796667282874,6.2715345439208665,3.7364967161851435,6.705346821859024,2.4947404819952994,5.2357985169036825,5.666772922613504,4.881571846171746
57,4.450237059953586,8.666758012032055,2.110886051192753,1.0291340565756002,7.4829294820585845,3.143649401448944,1.480489714729728,3.1181472049547523,2.4704555169277422,2.0242688973252805,1.4775677002380108,7.769956685682284,2.3516989377323867,4.182960307978568,2.9693088666934444,1.8382745410285308,7.519120711311262,3.0841815211533508,2.231783071659518,7.604329061215544,6.342058564693905,2.2231555760361124,1.8382745410285308,4.589251000770344,3.9829714189281007,1.8187174424713848,1.1639607857996592,8.666758012032055,1.9932408418629979,0.7845942469110502,1.856551516794482,0.9150799442660266,7.851847202805281,4.37529005500481,1.9666305964507362,2.5424695649510234,4.107693833351242,4.795160585934638,3.097536904802441,0.7845942469110502,3.8573805207781486,4.003728891263427,3.3014898836236544,4.37529005500481,4.498855288865182,6.974494400391136,6.110618497678534,3.6949775290562883,2.4704555169277422,7.769956685682284,1.9840594130664473,3.871629858190329,7.690121329767454,6.966216023816114,0.4311143201100344,5.2076406722856845,4.8077860232338185,0.0,1.430961214294227,2.934939735751091,4.429788329714196,4.100051028881751,1.9357503567167957,2.286605539856912,1.430961214294227,1.96646999040813,2.934939735751091,4.8785903156153445,3.8807443304867077,1.816202559579806,6.771216033905824,2.4704555169277422,6.665811079800038,4.450237059953586,1.6413893280933713,8.666758012032055,2.2235009987521144,0.6915471191635697,3.80062416859084,3.2899598561527386,3.783894201850463,3.235675491626903,3.043910017247057,2.580488794844625,1.8943008512086352,1.8356398423098184,4.135443441806688,8.172726055454106,3.3804424150200463,3.043910017247057,7.136222720558078,4.698322603159088,4.9007379301061595,8.062512924778186,2.2235009987521144,3.10651332515678,2.5424695649510234,3.150952767097083,1.6472685513398728,2.030604169825751
58,5.127446324456911,9.141492595319024,2.8860095937835673,1.7668048691209521,7.984569653242372,3.881320213994296,2.21816052727508,3.555472713624675,3.2455790595185565,2.7619397098706324,0.0466064859437837,8.44716595018561,2.7890244464023093,4.860169572481894,3.2742613220659393,1.8190455991526857,7.956446219981184,3.364741725309606,2.6691085803294405,8.041654569885464,7.006549681317446,2.602562280863937,1.8190455991526857,5.266460265273668,3.9637424770522554,2.593840985062199,1.9390843283904733,9.141492595319024,2.691278496376452,1.5222650594564022,2.6316750593852953,1.6902034868568407,8.353487373989068,5.150413597595625,2.7417541390415505,3.3175931075418377,4.019899299677481,4.775931644058792,3.835207717347793,1.5222650594564022,4.632504063368963,3.984499949387582,3.282260941747809,5.150413597595625,4.4796263469893365,7.651703664894462,6.787827762181859,4.372377271419694,3.2455790595185565,8.44716595018561,2.42138492173637,3.7838353245165677,8.127446838437375,7.403541532486035,1.3927176419229617,5.982764214876499,5.582909565824633,1.4706361706510516,0.0,3.612339478114497,5.2049118723050105,3.4192285621291325,2.71087389930761,3.0617290824477257,0.0,2.741593532998943,3.612339478114497,5.653713858206158,3.8615153886108624,2.591326102170619,7.423239572549204,3.2455790595185565,7.343020344303364,5.127446324456911,2.020796032921196,9.141492595319024,2.9986245413429278,1.4292179317089218,4.5382949811361915,4.065083398743553,4.559017744441277,4.010799034217717,3.8190335598378713,3.3181596073899775,2.6694243937994484,2.610763384900632,3.4546209750540697,8.849935319957432,3.817767923689969,3.8190335598378713,7.573548229228,5.473446145749902,5.675861472696973,8.537247508065155,2.9986245413429278,2.425690858404162,3.3175931075418377,3.5882782757670055,0.9664460845872548,2.5831865222055113
59,1.5222440794183631,5.738765031496831,1.8106441228571657,2.4079797356076287,4.55493650152336,2.9333526064152498,3.380747484657191,1.580380176994416,1.0040685845570834,3.780393736582097,3.891763151834027,4.841963705147061,1.4005216614738933,1.254967327443345,2.7419472482484086,3.594399380285348,5.113894570297022,2.856819902708315,0.9664846699923864,5.809496476791826,3.4140655841586813,3.979280415292929,3.594399380285348,1.6612580202351197,5.2215123336734415,1.5824091761635508,2.097564277357642,5.738765031496831,1.1483645318391724,3.1638856152826316,1.24398870359537,2.0546895566136003,4.923854222270057,2.9243785591671285,1.4684528780836597,1.104223898602922,5.782561258322972,6.266498755670538,3.496435244117336,3.1638856152826316,1.9500690870942434,5.4750670609993275,5.057614722880472,2.9243785591671285,5.9701934586010825,4.046501419855914,3.1826255171433107,0.592675491716333,1.0040685845570834,4.841963705147061,1.2901462357410127,5.627754697447147,4.7940959835739,4.51297593765474,2.4432528442251074,3.3003292386017793,2.900474589549913,3.0608469435572547,3.8451566658902436,0.0,2.5224768960302906,5.4770905581957985,1.1893947028067497,1.1030040442429956,3.8451566658902436,1.1374957956802805,0.0,2.9712788819314393,5.636869169743526,1.298632539944634,3.8432230533706018,1.0040685845570834,3.737818099264816,1.5222440794183631,3.397514167350188,5.738765031496831,0.8875279869576482,3.070838487535151,2.8451479701277123,1.3826484224688331,1.8765827681665572,1.3283640579429972,1.1365985835631516,2.9793871341595204,1.3767308315734632,2.1556583078961595,4.8368353086391345,5.244733074918884,1.8426753870597101,1.1365985835631516,4.436128341866621,2.6435701084942207,2.993426496422255,5.13451994424296,0.8875279869576482,3.917217174972804,1.104223898602922,2.2044750167302705,2.8786432757272835,2.245479431197291
60,3.6136199980708996,7.359046751683915,3.063753007645287,3.7746730901743906,6.175218221710445,3.2238208211636294,4.495761891156693,4.163400289595312,1.9462817803769445,4.722606932401959,5.258456506400788,6.451333505939734,3.7925946437133065,3.8347238893356663,5.246422531234525,4.536612576105209,6.734176290484108,5.3612951856944315,3.5495047825932824,7.803934665672317,5.034347304345765,4.92149361111279,4.536612576105209,4.24101458212744,4.838824090633293,2.5246223719834124,3.5791863100363672,7.359046751683915,3.057933171723511,4.374490040632378,2.9212438466549955,3.421382911180362,6.5441359424571415,2.541690316126981,2.4969922440738226,2.046437094422783,5.399873015282824,5.883810512630388,4.106765882419578,4.374490040632378,1.2891652986562807,5.092378817959178,4.879728056636424,2.541690316126981,5.587505215560933,5.655871220648586,4.791995317935983,2.729667371433373,1.9462817803769445,6.451333505939734,3.584281300910403,5.720023106190025,6.414377703760985,6.133257657841825,3.8099461987918692,0.800891810264429,0.4010371612125626,4.4275402981240175,5.211850020457004,2.445647178266493,0.0,7.198347473881612,2.131607898626611,2.0452172400628568,5.211850020457004,3.0311623202686433,2.445647178266493,1.0296404490542612,5.4589825034994774,2.716318157086537,5.4525928541632736,1.9462817803769445,5.347187900057488,3.6136199980708996,4.3397273631700495,7.359046751683915,3.288193328612628,4.281442912884898,3.1356161848760924,1.4946438931403117,1.3730804187582946,1.8919586338719665,1.3072597193587872,3.82077276691283,2.802612862126022,3.09787150371602,7.1766615679528405,6.854102875711556,4.425695499660606,1.3072597193587872,6.056410062053707,0.2716073642509956,0.7922574649142364,6.754801664430045,3.288193328612628,6.257043434286508,2.046437094422783,4.787495129331167,5.218469535040988,4.433268458599231
61,6.494349201962227,10.50839547282434,4.8642702104761915,3.466721118404289,9.351472530747689,5.151641961853022,2.9165469961407,4.922375591129992,4.748505349452717,3.420100068295293,3.5784593790826,9.814068827690926,4.155927323907626,6.22707244998721,4.888794096578521,1.8096008112516198,9.323349097486503,5.003666751038428,4.036011457834757,9.408557447390782,8.373452558822764,2.9340006327607573,1.8096008112516198,6.633363142778984,2.6763887839820257,4.1495962929253745,3.7208742973050963,10.50839547282434,4.0581813738817685,3.638769863776755,4.410573776341176,3.8786776961611014,9.720390251494385,3.9926000565534894,4.297509446904727,4.820519397475998,1.0968339802944171,2.2020762875006183,4.6811711651988634,3.638769863776755,6.135430353303124,1.6460184220223648,2.0143777462354615,3.9926000565534894,1.9057709904311624,9.018606542399777,8.154730639687175,5.739280148925012,4.748505349452717,9.814068827690926,3.788287799241687,0.8607700051335044,9.494349715942692,8.770444409991354,3.964486687434071,6.6424015744852944,6.399704832947131,4.0424052161621615,3.5318528931388165,4.979242355619815,6.5651860887199245,0.0,4.266629207170786,4.495568052537639,3.5318528931388165,4.325089952971202,4.979242355619815,6.165987677358398,1.9438322150579077,4.46521761269044,8.790142450054525,4.748505349452717,8.70992322180868,6.494349201962227,2.3522343848180163,10.50839547282434,4.582120961315185,3.675990719795861,4.522301272573116,5.568009688677712,5.071291563593516,5.4693556723390735,5.321959849772032,4.588481355248703,4.543315904319269,4.166518692763808,3.1343527763266623,10.21683819746275,5.184670801195286,5.321959849772032,8.940451106733315,6.976372435684063,6.188135291849212,9.904150385570471,4.582120961315185,3.2759434763076687,4.820519397475998,4.9551811532723224,2.577429487139944,3.950089399710828
62,2.9293558443956216,7.145876796474089,0.5976410033054045,1.3126569068825744,5.962048266500618,2.110331894804408,2.09467903830345,2.087724018605581,0.2091891389688001,2.3215240795487144,2.7964403231089725,6.2490754701243185,1.3264826393734253,2.6620790924206035,2.7803105268946453,2.1355297232519646,6.521006335274281,2.8951831813545517,1.2065667733005565,6.928844128495274,4.821177349135938,2.520410758259546,2.1355297232519646,3.0683697852123784,4.280226601151534,0.0585103676435304,1.1171701267445513,7.145876796474089,0.5918211673836294,1.9734071877791344,0.4551318423151134,0.9593667278885464,6.330965987247315,2.114023677045868,0.0308802397339406,0.2812031869920811,4.404949015574675,5.092415768158071,2.4553921773797454,1.9734071877791344,1.5961141428192065,4.300984073486861,3.598745065847088,2.114023677045868,4.796110471088616,5.453613184833171,4.589737282120568,1.6523281987531815,0.2091891389688001,6.2490754701243185,1.1181692965705219,4.1688850404137625,6.201207748551158,5.9200877026319985,1.3479300155000533,2.9463742943267426,2.546519645274876,1.9655241148322007,2.749833837165189,1.2730023813514308,2.1685219517552543,4.797264621028367,0.0,0.0863906585637542,2.749833837165189,0.5650503159287615,1.2730023813514308,2.617323937656402,4.177999512710142,0.25020615274665503,5.250334818347858,0.2091891389688001,5.144929864242073,2.9293558443956216,1.938644510316805,7.145876796474089,0.8220813242727458,1.880360060031654,2.0221272585168704,1.0286934781937962,1.5226278238915203,0.9744091136679603,0.7826436392881146,1.9383440674219299,0.33650085778614036,0.8238029237189242,4.714645384661026,6.651844839896141,2.3500192286708756,0.7826436392881146,5.84324010684388,2.4370562252001453,2.639471552147217,6.541631709220218,0.8220813242727458,3.7950272509946945,0.2812031869920811,2.475467834376812,2.756453351749174,1.9671564542593494
63,2.842965185831867,7.059486137910334,1.0185357675824296,1.5788083075982913,5.875657607936864,1.8852800333051918,2.2998971085805953,2.508618782882606,0.12279848040504589,2.5267421498258593,3.0625917238246894,6.162684811560564,1.7473774036504501,2.575688433856849,3.188669608354053,2.34074779352911,6.434615676710527,3.3035422628139592,1.6274615375775814,7.13021758320533,4.734786690572184,2.725628828536691,2.34074779352911,2.981979126648624,4.3247667929884255,0.47940513192055534,1.383321527460268,7.059486137910334,1.0127159316606542,2.1786252580562797,0.8760266065921383,1.2255181286042631,6.244575328683561,2.027633018482114,0.45177500401096554,0.1948125284283269,4.6101670858518204,5.2976338384352175,2.2427836573610986,2.1786252580562797,1.5097234842554523,4.506202143764007,3.803963136124233,2.027633018482114,5.001328541365762,5.367222526269416,4.503346623556814,1.5659375401894273,0.12279848040504589,6.162684811560564,1.5390640608475468,4.374103110690908,6.114817089987404,5.833697044068244,1.61408141621577,2.859983635762988,2.460128986711122,2.2316755155479178,3.015985237880906,1.1866117227876765,2.0821312931915004,5.002482691305512,0.0863906585637542,0.0,3.015985237880906,0.9859450802057864,1.1866117227876765,2.5309332790926478,4.383217582987287,0.6711009170236799,5.163944159784104,0.12279848040504589,5.0585392056783185,2.842965185831867,2.14386258059395,7.059486137910334,1.2429760885497707,2.0855781303087992,1.9357365999531162,0.942302819630042,1.4362371653277664,0.8880184551042062,0.6962529807243605,1.725735547403283,0.7573956220631652,0.9020067211399216,4.980796785376742,6.565454181332386,2.7709139929479,0.6962529807243605,5.756849448280126,2.3506655666363914,2.553080893583463,6.455241050656464,1.2429760885497707,4.061178651710411,0.1948125284283269,2.8963625986538375,3.0226047524648902,2.24996491148636
64,5.127446324456911,9.141492595319024,2.8860095937835673,1.7668048691209521,7.984569653242372,3.881320213994296,2.21816052727508,3.555472713624675,3.2455790595185565,2.7619397098706324,0.0466064859437837,8.44716595018561,2.7890244464023093,4.860169572481894,3.2742613220659393,1.8190455991526857,7.956446219981184,3.364741725309606,2.6691085803294405,8.041654569885464,7.006549681317446,2.602562280863937,1.8190455991526857,5.266460265273668,3.9637424770522554,2.593840985062199,1.9390843283904733,9.141492595319024,2.691278496376452,1.5222650594564022,2.6316750593852953,1.6902034868568407,8.353487373989068,5.150413597595625,2.7417541390415505,3.3175931075418377,4.019899299677481,4.775931644058792,3.835207717347793,1.5222650594564022,4.632504063368963,3.984499949387582,3.282260941747809,5.150413597595625,4.4796263469893365,7.651703664894462,6.787827762181859,4.372377271419694,3.2455790595185565,8.44716595018561,2.42138492173637,3.7838353245165677,8.127446838437375,7.403541532486035,1.3927176419229617,5.982764214876499,5.582909565824633,1.4706361706510516,0.0,3.612339478114497,5.2049118723050105,3.4192285621291325,2.71087389930761,3.0617290824477257,0.0,2.741593532998943,3.612339478114497,5.653713858206158,3.8615153886108624,2.591326102170619,7.423239572549204,3.2455790595185565,7.343020344303364,5.127446324456911,2.020796032921196,9.141492595319024,2.9986245413429278,1.4292179317089218,4.5382949811361915,4.065083398743553,4.559017744441277,4.010799034217717,3.8190335598378713,3.3181596073899775,2.6694243937994484,2.610763384900632,3.4546209750540697,8.849935319957432,3.817767923689969,3.8190335598378713,7.573548229228,5.473446145749902,5.675861472696973,8.537247508065155,2.9986245413429278,2.425690858404162,3.3175931075418377,3.5882782757670055,0.9664460845872548,2.5831865222055113
65,2.483767069545458,6.700288021623926,0.7463015282843964,1.4689798790495119,5.516459491650456,3.0815707753504955,2.441747628099074,1.5226737026768193,1.2020182387068499,2.9015901808729616,2.95276329527591,5.803486695274156,0.9440261472708514,2.21649031757044,2.3978540347920707,2.7155958245762126,6.075417560424118,2.512726689251977,0.8241102811979827,6.546387636392699,4.375588574285776,3.100476859583794,2.7155958245762126,2.622781010362214,4.860292702475783,0.638576468967778,1.1585644207995252,6.700288021623926,0.2093646752810557,2.2248857587245148,0.3049888470372534,1.1156897000554837,5.885377212397152,3.106852776783918,0.4041102835108903,1.2740322867301308,4.985015116898923,5.67248186948232,3.0354582787039925,2.2248857587245148,2.588943242557256,4.88105017481111,4.178811167171336,3.106852776783918,5.376176572412865,5.008024409983008,4.144148507270406,1.7285075386481579,1.2020182387068499,5.803486695274156,0.7357128044679482,4.748951141738011,5.7556189737009955,5.474498927781835,1.5042529876669906,3.9392033940647924,3.539348745012926,2.1218470869991384,2.9061568093321264,0.9684697453429617,3.1613510514933036,5.365626883739766,0.6673130784959034,1.079219758301804,2.9061568093321264,0.0,0.9684697453429617,3.610153037394452,4.75806561403439,0.35963268338651716,4.804746043497696,1.2020182387068499,4.69934108939191,2.483767069545458,2.518710611641053,6.700288021623926,0.2570310083439843,2.1318386309770343,3.014956358254921,2.0215225779318464,2.51545692362957,1.9672382134060102,1.7754727390261644,2.518410168746177,0.3125719726861615,1.4038690250431718,4.725371634183103,6.206256065045978,1.7849689127421136,1.7754727390261644,5.397651331993717,3.4298853249381955,3.6323006518852674,6.096042934370056,0.2570310083439843,3.805753500516772,1.2740322867301308,2.0930113422742385,2.7671796012712515,1.5846999621567757
66,1.5222440794183631,5.738765031496831,1.8106441228571657,2.4079797356076287,4.55493650152336,2.9333526064152498,3.380747484657191,1.580380176994416,1.0040685845570834,3.780393736582097,3.891763151834027,4.841963705147061,1.4005216614738933,1.254967327443345,2.7419472482484086,3.594399380285348,5.113894570297022,2.856819902708315,0.9664846699923864,5.809496476791826,3.4140655841586813,3.979280415292929,3.594399380285348,1.6612580202351197,5.2215123336734415,1.5824091761635508,2.097564277357642,5.738765031496831,1.1483645318391724,3.1638856152826316,1.24398870359537,2.0546895566136003,4.923854222270057,2.9243785591671285,1.4684528780836597,1.104223898602922,5.782561258322972,6.266498755670538,3.496435244117336,3.1638856152826316,1.9500690870942434,5.4750670609993275,5.057614722880472,2.9243785591671285,5.9701934586010825,4.046501419855914,3.1826255171433107,0.592675491716333,1.0040685845570834,4.841963705147061,1.2901462357410127,5.627754697447147,4.7940959835739,4.51297593765474,2.4432528442251074,3.3003292386017793,2.900474589549913,3.0608469435572547,3.8451566658902436,0.0,2.5224768960302906,5.4770905581957985,1.1893947028067497,1.1030040442429956,3.8451566658902436,1.1374957956802805,0.0,2.9712788819314393,5.636869169743526,1.298632539944634,3.8432230533706018,1.0040685845570834,3.737818099264816,1.5222440794183631,3.397514167350188,5.738765031496831,0.8875279869576482,3.070838487535151,2.8451479701277123,1.3826484224688331,1.8765827681665572,1.3283640579429972,1.1365985835631516,2.9793871341595204,1.3767308315734632,2.1556583078961595,4.8368353086391345,5.244733074918884,1.8426753870597101,1.1365985835631516,4.436128341866621,2.6435701084942207,2.993426496422255,5.13451994424296,0.8875279869576482,3.917217174972804,1.104223898602922,2.2044750167302705,2.8786432757272835,2.245479431197291
67,2.559623621707495,6.305050375320512,3.6044683871822616,4.315388469711365,5.1212218453470415,2.824622409802102,5.036477270693668,4.704115669132286,2.4869971599139196,5.263322311938934,5.799171885937762,5.3973371295763295,4.333310023250283,2.7883166162223185,5.7871379107714995,5.0773279556421835,5.680179914120703,5.902010565231406,4.090220162130256,6.749938289308914,3.9803509279823617,5.462208990649764,5.0773279556421835,4.171838375102224,4.439625679271766,3.0653377515203872,4.119901689573341,6.305050375320512,3.598648551260486,4.915205420169353,3.4619592261919703,3.962098290717337,5.490139566093738,2.142491904765454,3.0377076236107974,2.5871524739597582,5.000674603921298,5.484612101268862,3.7075674710580504,4.915205420169353,2.0656668525028543,4.6931804065976515,4.480529645274897,2.142491904765454,5.1883068041994065,4.601874844285182,3.7379989415725796,3.365688375205218,2.4869971599139196,5.3973371295763295,4.124996680447379,5.320824694828499,5.360381327397581,5.079261281478421,4.350661578328843,0.39705632754041925,0.4627626508683122,4.968255677660991,5.752565399993978,2.9863625578034667,1.0296404490542612,6.971078454571614,2.672323278163586,2.5859326195998316,5.752565399993978,3.571877699805618,2.9863625578034667,0.0,5.059784092137951,3.2570335366235117,4.39859647779987,2.4869971599139196,4.293191523694086,2.559623621707495,4.880442742707024,6.305050375320512,3.8289087081496027,4.822158292421872,2.736417773514565,2.393484215386868,0.9738820073967668,1.4927602225104386,1.7629434136233386,3.4215743555513027,3.343328241662997,3.638586883252995,7.457468718146135,5.800106499348152,4.96641087919758,1.7629434136233386,5.0024136856903025,1.4830620661993112,0.107210564727909,5.7008052880666416,3.8289087081496027,6.797758813823483,2.5871524739597582,5.328210508868142,5.759184914577963,4.973983838136205
68,6.755592655425198,10.501019409038216,4.762386228468149,3.3648371363962464,9.317190879064745,3.9802474610819245,2.8146630141326567,5.595928541053722,4.646621367444674,3.0773762465327144,3.935712462922865,9.593306163294033,4.829480273831356,6.894930236425189,5.562347046502251,1.7077168292435765,9.876148947838406,5.677219700962158,4.709564407758487,10.08211039731451,8.176319961700067,2.7303182451733683,1.7077168292435765,7.301220929216964,1.2607359821675,4.047712310917332,4.289253228620628,10.501019409038216,4.705210770309618,3.536885881768712,4.568521445241102,4.131449829764623,9.68610859981144,2.8898402173451925,4.195625464896684,4.48474599787044,0.939870078215844,0.9803691521423885,3.3163283203138985,3.536885881768712,5.521986412519719,0.3251755228036378,0.2711223486793509,2.8898402173451925,0.6840638550729329,8.797843878002883,7.933967975290281,6.089760427229057,4.646621367444674,9.593306163294033,4.461840749165416,1.1402301614981512,9.556350361115284,9.275230315196126,3.862602705426028,5.539641735276997,5.296944993738836,3.9405212341541183,3.8891059769790814,5.646909664197712,5.46242624951163,2.49825590471709,4.1647452251627435,4.393684070529596,3.8891059769790814,4.67843991885475,5.646909664197712,5.0632278381501035,0.0,4.414951377909399,8.59456551151757,4.646621367444674,8.489160557411786,6.755592655425198,2.250350402809973,10.501019409038216,4.935470927198733,3.574106737787818,3.1574584276881517,5.4661257066696685,3.968531724385221,4.366595833130778,4.708515908988627,3.322622273088683,4.501246082948884,4.064634710755765,3.8079057262503904,9.996075533065856,5.858223751119016,4.708515908988627,9.198382719408006,5.91584786665668,5.085375452640918,9.896774321784347,4.935470927198733,4.627780666288704,4.48474599787044,5.628734103196051,3.2361723480324454,4.623642349634558
69,2.6340345003737817,6.85055545245225,0.34743485055874945,1.2043399892269344,5.666726922478779,2.6827040976248484,2.177107738276497,1.6729411335051434,0.8031515609812029,2.5027235031473145,2.6881234054533327,5.95375412610248,0.9116997542729878,2.3667577483987636,2.365527641794207,2.316729146850565,6.225684991252441,2.480400296254113,0.791783888200119,6.514061243394835,4.5258560051140995,2.7016101818581464,2.316729146850565,2.773048441190538,4.461426024750136,0.2397097912421311,0.8939245309769478,6.85055545245225,0.17703828228319202,1.960245868901937,0.040348957214676,0.8510498102329064,6.035644643225476,2.707986099058271,0.0052436057852434,0.8751656090044839,4.586148439173276,5.273615191756672,2.636591600978346,1.960245868901937,2.190076564831609,4.482183497085462,3.7799444894456884,2.707986099058271,4.977309894687217,5.158291840811332,4.294415938098729,1.878774969476482,0.8031515609812029,5.95375412610248,0.7033864114700845,4.3500844640123635,5.905886404529319,5.624766358610159,1.2396130978444133,3.5403367163391453,3.140482067287279,1.857207197176561,2.641516919509549,1.1187371761712859,2.7624843737676565,4.978464044626968,0.2684464007702565,0.6803530805761571,2.641516919509549,0.1502674308283241,1.1187371761712859,3.2112863596688053,4.359198936308742,0.0,4.9550134743260195,0.8031515609812029,4.849608520220234,2.6340345003737817,2.1198439339154054,6.85055545245225,0.40729843917230846,1.8671987411544566,2.6160896805292735,1.622655900206199,2.1165902459039234,1.5683715356803631,1.3766060613005173,2.11954349102053,0.07809829162882939,1.0050023473175247,4.606328467005386,6.356523495874302,1.9352363435704376,1.3766060613005173,5.54791876282204,3.0310186472125484,3.2334339741596203,6.246310365198379,0.40729843917230846,3.6867103333390547,0.8751656090044839,2.060684949276375,2.648136434093534,1.5523735691589118
70,2.4203633751595586,2.4233364331899763,5.541811228188024,6.139146840938487,1.239507903216504,6.551608727029735,7.11191458998805,5.310434973474687,5.072884810702306,7.587870832224118,7.622930257164884,2.5142775482941713,5.130576457954165,2.649056369674382,6.47200204472868,7.401876475927368,2.0150364150157967,6.586874699188587,4.696539466472657,3.109532340495412,0.5625967359605284,7.786757510934949,7.401876475927368,3.503987895984491,8.1666119964994,5.4340861688714055,5.8287313826885,2.4233364331899763,4.879531637170031,6.8950527206134895,4.975155808926228,5.785856661944459,1.6084256239632007,5.869478221993087,5.199619983414518,5.1730401247481455,8.727660921148928,9.211598418496498,7.434553788285681,6.8950527206134895,6.018885313239467,8.420166723825284,8.207515962502532,5.869478221993087,8.915293121427041,1.7188152630030231,0.8549393602904204,3.9693788690614533,5.072884810702306,2.5142775482941713,5.020201032221284,9.04781101205613,1.4786673852670433,1.414117782373514,6.174419949555966,4.8682634761107195,5.041936404424527,6.792014048888114,7.576323771221101,3.9014539245563613,5.525203524933706,9.207145354676069,5.258210928951973,5.171820270388219,7.576323771221101,4.868662901011138,3.9014539245563613,4.471207148570301,8.786770409365584,5.029799645275492,0.0,5.072884810702306,0.1431694436863373,2.4203633751595586,7.204991262992209,2.4233364331899763,4.618695092288507,6.802005592866009,6.4634040907421975,5.451464648614055,5.244235006800378,5.397180284088221,5.205414809708375,7.048203360304747,5.107897936904322,6.199378724946799,8.566890105119409,2.6122260148545293,5.572730183539981,5.205414809708375,1.1206997435597654,5.978625142078756,4.701961372637122,1.8190913459361067,4.618695092288507,7.647271971453075,5.1730401247481455,4.2936339126151175,6.608698072207555,5.975534227677564
71,2.7483079714493788,6.964828923527846,1.1174712272683418,1.8283913097974458,5.7810003935543754,1.9292840218581657,2.54948011077975,2.607554242568518,0.0,2.776325152025014,3.3121747260238443,6.068027597178076,1.8463128633363624,2.4810312194743607,3.300140750857582,2.590330795728264,6.339958462328038,3.4150134053174885,1.7263969972634936,7.035560368822842,4.640129476189696,2.9752118307358453,2.590330795728264,2.8873219122661355,4.230109578605937,0.5783405916064674,1.6329045296594225,6.964828923527846,1.1116513913465664,2.4282082602554342,0.9749620662780505,1.4751011308034176,6.149918114301072,1.9329758040996257,0.5507104636968777,0.10015531404583859,4.791158503255471,5.275096000603034,2.492366659560253,2.4282082602554342,1.4150662698729641,4.483664305931823,4.053546138323387,1.9329758040996257,4.978790703533578,5.272565311886928,4.408689409174325,1.471280325806939,0.0,6.068027597178076,1.637999520533459,4.623686112890062,6.020159875604915,5.739039829685756,1.8636644184149245,2.7653264213804998,2.3654717723286334,2.481258517747072,3.2655682400800607,1.091954508405188,1.9874740788090122,5.252065693504667,0.1853261182496664,0.0989354596859122,3.2655682400800607,1.0848805398916985,1.091954508405188,2.43627606471016,4.632800585186441,0.7700363767095921,5.069286945401616,0.0,4.96388199129583,2.7483079714493788,2.3934455827931043,6.964828923527846,1.341911548235683,2.3351611325079538,1.8410793855706282,0.8476456052475536,1.3415799509452782,0.793361240721718,0.6015957663418723,1.9753185496024377,0.8563310817490775,1.1515897233390762,5.230379787575896,6.470796966949898,2.8698494526338125,0.6015957663418723,5.662192233897637,2.256008352253903,2.4584236792009753,6.3605838362739755,1.341911548235683,4.310761653909566,0.10015531404583859,2.99529805833975,3.272187754664045,2.4869866782222863
72,2.3149584210537726,2.8927367508181723,5.4364062740822385,6.0337418868327015,1.7089082208447008,6.44620377292395,7.0065096358822645,5.205030019368902,4.967479856596521,7.482465878118331,7.517525303059099,2.4088725941883857,5.025171503848379,2.543651415568596,6.366597090622895,7.296471521821582,2.4844367326439927,6.481469745082801,4.591134512366872,3.57893265812361,1.031997053588725,7.681352556829163,7.296471521821582,3.921378749892195,8.061207042393614,5.32868121476562,5.723326428582714,2.8927367508181723,4.774126683064245,6.789647766507703,4.869750854820443,5.680451707838674,2.0778259415913976,5.7640732678873015,5.0942150293087325,5.06763517064236,8.622255967043142,9.106193464390714,7.329148834179897,6.789647766507703,5.913480359133682,8.3147617697195,8.102111008396745,5.7640732678873015,8.809888167321256,1.6134103088972376,0.7495344061846348,3.8639739149556678,4.967479856596521,2.4088725941883857,4.914796078115499,8.942406057950343,1.9480677028952402,1.8835181000017107,6.06901499545018,4.762858522004933,4.936531450318741,6.6866090947823285,7.470918817115315,3.7960489704505758,5.419798570827919,9.101740400570284,5.152805974846188,5.066415316282433,7.470918817115315,4.763257946905353,3.7960489704505758,4.365802194464514,8.681365455259797,4.924394691169707,0.1431694436863373,4.967479856596521,0.0,2.3149584210537726,7.099586308886423,2.8927367508181723,4.513290138182722,6.696600638760223,6.357999136636413,5.34605969450827,5.138830052694592,5.2917753299824355,5.10000985560259,6.942798406198961,5.002492982798536,6.093973770841013,8.461485151013624,2.7912973970556036,5.467325229434196,5.10000985560259,1.590100061187962,5.8732201879729695,4.5965564185313355,2.2884916635643027,4.513290138182722,7.54186701734729,5.06763517064236,4.7630342302433135,6.5032931181017695,5.870129273571778
73,0.0,4.2489822049184305,3.186279037983,3.7836146507334627,3.0651536749449577,4.485854095853494,4.756382399783026,2.954902783269662,2.717352620497284,5.2323386420190925,5.26739806695986,3.3521808785686598,2.775044267749139,0.2935241794693578,4.116469854523656,5.046344285722343,3.6241117437186205,4.231342508983563,2.341007276267632,4.6938701189068315,1.924282757580279,5.431225320729924,5.046344285722343,2.115770204700143,6.100857365323158,3.0785539786663816,3.4731991924834755,4.2489822049184305,2.5239994469650067,4.539520530408464,2.6196236187212043,3.4303244717394343,3.4340713956916544,3.803723590816845,2.8440877932094937,2.817507934543123,6.661906289972689,7.1458437873202545,5.209719280057537,4.539520530408464,3.663353123034444,6.354412092649044,6.141761331326289,3.803723590816845,6.849538490250799,2.556718593277511,1.692842690564908,1.253969470276205,2.717352620497284,3.3521808785686598,2.6646688420162583,6.9820563808798894,3.304313156995497,3.023193111076338,3.8188877593509414,2.8025088449344775,2.976181773248283,4.43648185868309,5.220791581016076,1.545921734351337,3.459448893757463,6.851613164471044,2.9026787387469506,2.816288080183196,5.220791581016076,2.5131307108061147,1.545921734351337,2.405452517394058,6.721015778189343,2.674267455070468,2.353440226792199,2.717352620497284,2.2480352726864137,0.0,4.849459072787184,4.2489822049184305,2.2631629020834825,4.446473402660984,4.397649459565956,2.9763031042691823,3.178480375624137,3.041648093883198,2.849882619503352,4.692671170099722,2.7523657466992972,3.8438465347417754,6.211357914914381,3.754950248340482,3.217197993334956,2.849882619503352,2.9463455152882188,3.721454415487715,2.636206741460879,3.64473711766456,2.2631629020834825,5.291739781248049,2.817507934543123,3.5789976230055167,4.253165882002529,3.620002037472537
74,4.911856585590233,9.128377537668703,2.512035825658174,1.114486733586273,7.944549007695232,2.7994075770350046,0.5643126113226837,3.8859416958212862,2.396270964634702,0.9046832026436454,1.9964551816742866,8.231576211318933,3.1194934285989206,4.644579833615216,3.8442509067044397,0.1968852129351594,8.286915202177797,3.959123561164346,2.999577562526052,8.372123552082076,6.8036780903305525,0.4185837671091094,0.1968852129351594,5.05087052640699,2.3415820908347293,1.7973619081073582,2.0389028258106543,9.128377537668703,2.454860367499644,1.2865354789587389,2.3181710424311284,1.8810994269546495,8.313466728441929,3.9706863260124208,1.9452750620867096,2.468285012657983,2.4663045052578694,3.153771257841267,2.7532950803885017,1.2865354789587389,3.783195968485108,2.362339563170056,1.6601005555302828,3.9706863260124208,2.857465960771811,7.436113926027784,6.572238023315181,3.839410024419083,2.396270964634702,8.231576211318933,2.7518539039329815,2.2302405300969568,8.183708489745772,7.734010514682647,1.6122523026160551,5.133456119992644,4.733601470940778,1.6901708313441446,1.9498486957305028,3.3965592613877376,4.355603777421155,2.858620110711561,1.9143948223527691,2.1433336677196233,1.9498486957305028,2.428089516044776,3.3965592613877376,4.804405763322304,2.239355002393336,2.164600975099424,7.232835559542472,2.396270964634702,7.127430605436686,4.911856585590233,0.0,9.128377537668703,2.685120524388761,1.3237563349778445,3.456382344176901,3.215775303859698,3.7097096495574227,3.1614909393338624,2.9697254649540166,2.236246970430686,2.250895680138909,1.8142843079457918,3.7850899572506806,8.634345581090752,4.148236905886581,2.9697254649540166,7.825740848038493,4.624138050866048,4.826553377813119,8.524132450414834,2.685120524388761,2.7561598406007732,2.468285012657983,3.9187472579636164,1.2969150667838663,2.9055462098367464
75,4.193377097544616,0.0,7.314824950573081,7.912160563323544,1.0836208484816705,8.346581448209799,8.884928312373107,7.083448695859745,6.8458985330873645,9.360884554609177,9.395943979549942,1.3879196813287742,6.903590180339222,4.42207009205944,8.245015767113738,9.174890198312426,2.0368281434270634,8.359888421573645,6.469553188857715,4.0825357363918595,2.1818516610318097,9.559771233320008,9.174890198312426,5.270977058267984,9.961584717679461,7.207099891256463,7.601745105073557,0.0,6.652545359555088,8.66806644299855,6.7481695313112855,7.558870384329516,1.0836208484816705,7.664450943173149,6.972633705799575,6.946053847133204,10.52263364232899,11.006571139676561,9.229526509465744,8.66806644299855,7.7918990356245255,10.215139445005347,10.002488683682595,7.664450943173149,10.710265842607104,1.9159248346691538,2.653016321863209,5.742392591446508,6.8458985330873645,1.3879196813287742,6.793214754606342,10.842783733236192,1.6099930727725713,2.2780176044127325,7.947433671941023,6.663236197290781,6.836909125604589,8.565027771273172,9.349337493606159,5.6744676469414195,7.320176246113768,10.980159077061128,7.031224651337031,6.944833992773277,9.349337493606159,6.6416766233961955,5.6744676469414195,6.266179869750363,10.581743130545647,6.80281336766055,2.598541552263568,6.8458985330873645,3.0721785618747646,4.193377097544616,8.978004985377266,0.0,6.3917088146735646,8.575019315251069,8.25837681192226,7.224478370999114,7.03920772798044,7.170194006473279,6.978428532093433,8.821217082689804,6.880911659289379,7.972392447331856,10.339903827504466,1.158502800224018,7.345743905925039,6.978428532093433,2.3854197354436577,7.773597863258818,6.496934093817185,0.4950982336538916,6.3917088146735646,9.420285693838135,6.946053847133204,5.912888837686399,8.381711794592613,7.748547950062621
76,2.268264153643335,6.4847851057218024,0.9646442283413791,1.5619798410918417,5.300956575748332,3.2999134754074775,2.534747590141404,1.307170786774697,1.4203609387638325,3.010703832377472,3.0457632573182396,5.587983779372032,1.0370261093131814,2.0009874016683167,2.4687378580286885,2.824709476080723,5.859914644521995,2.583610512488595,0.6932752797726669,6.3846419206290115,4.160085658383652,3.2095905110883045,2.824709476080723,2.4072780944600916,4.969406353980293,0.8569191690247606,1.2515643828418552,6.4847851057218024,0.3023646373233856,2.3178857207668444,0.39798880907958334,1.2086896620978136,5.669874296495029,3.325195476840901,0.6224529835678729,1.4923749867871137,5.094128768403433,5.78159552098683,3.253800978760975,2.3178857207668444,2.8072859426142385,4.990163826315619,4.2879248186758465,3.325195476840901,5.485290223917374,4.7925214940808845,3.9286455913682823,1.5130046227460352,1.4203609387638325,5.587983779372032,0.828712766510278,4.85806479324252,5.540116057798872,5.258996011879712,1.5972529497093204,4.157546094121775,3.757691445069909,2.214847049041468,2.999156771374456,0.752966829440839,3.3796937515502865,5.203881167976079,0.885655778552886,1.2975624583587866,2.999156771374456,0.2914959011644937,0.752966829440839,3.828495737451435,4.8671792655389,0.4526326454288471,4.589243127595574,1.4203609387638325,4.483838173489788,2.268264153643335,2.6278242631455635,6.4847851057218024,0.0,2.224838593019364,3.233299058311904,2.239865277988829,2.733799623686553,2.1855809134629927,1.993815439083147,2.7367528688031593,0.5307309370576765,1.6222117251001547,4.563625918419416,5.990753149143854,1.569465996839991,1.993815439083147,5.182148416091594,3.5638992395239226,3.8506433519422503,5.880540018467932,0.0,3.644007784753085,1.4923749867871137,1.9125513858340446,2.6054338855075643,1.6776999241991053
77,4.44641074277514,8.66293169485361,2.1070597340143076,0.6628587519275221,7.479103164880139,2.7773740968008664,0.811392078106129,3.114320887776307,2.3742374844005636,1.6579935926772027,1.5159029812539604,7.7661303685038385,2.3478726205539413,4.179133990800123,2.965482549514999,1.4719992363804533,7.515294394132817,3.0803552039749054,2.2279567544810726,7.600502744037098,6.338232247515459,1.8568802713880348,1.4719992363804533,4.585424683591898,3.6166961142800234,1.7753284278732204,1.1601344686212138,8.66293169485361,1.9894145246845525,0.0,1.8527251996160365,0.9112536270875812,7.848020885626836,4.279072022477632,1.9232415818525719,2.4462515324238447,3.7414185287031643,4.4288852812865604,2.7312616001543635,0.0,3.76116248825097,3.63745358661535,2.935214578975577,4.279072022477632,4.132579984217105,6.970668083212691,6.106792180500088,3.691151211877843,2.3742374844005636,7.7661303685038385,1.980233095888002,3.5053545535422517,7.686295012589008,6.962389706637668,0.6137677821537021,5.111422639758506,4.71156799070664,0.6916863108817919,1.4692964953101766,2.9311134185726457,4.333570297187017,4.1249070414787425,1.8923613421186314,2.121300187485485,1.4692964953101766,1.9626436732296846,2.9311134185726457,4.782372283088167,3.5144690258386304,1.8123762424013605,6.767389716727378,2.3742374844005636,6.661984762621593,4.44641074277514,1.2751140234452938,8.66293169485361,2.219674681573669,0.0,3.4343488639427626,3.19374182362556,3.6876761693232845,3.139457459099724,2.9476919847198784,2.214213490196548,1.8904745340301898,1.792250827711654,4.160299454403679,8.16889973827566,3.376616097841601,2.9476919847198784,7.132396403379633,4.602104570631909,4.804519897578981,8.058686607599741,2.219674681573669,3.1313693377537715,2.4462515324238447,3.1471264499186375,1.6721245639368645,2.0267778526473057
78,4.476891427868959,8.222318181481976,2.9762236829663347,3.2374068766513044,7.038489651508507,0.9650305454381023,3.660995456314673,4.46630669826651,1.858752455697993,2.87095025238102,4.637307644781344,7.314604935737793,3.7050653190343543,4.311642409149797,5.1160952089047464,3.701846141263187,7.597447720282169,5.230967863364653,3.5851494529614856,8.66720609547038,5.897618734143827,3.2789979945390453,3.701846141263187,4.717933101941571,2.564864560558045,2.4370930473044603,3.310747128010961,8.222318181481976,2.970403847044559,3.5397236057903565,2.8337145219760433,3.152943729154956,7.407407372255204,1.5600460141111516,2.4094629193948705,1.5359079269785993,3.321998420400645,3.6098509825551415,1.210602012439437,3.5397236057903565,2.7998074795784547,2.8184192878839305,2.6057685265611754,1.5600460141111516,3.3135456854856855,6.519142650446645,5.655266747734043,3.3018915154823745,1.858752455697993,7.314604935737793,3.496751976231451,3.6421485113078464,7.277649133559047,6.996529087639886,3.541507016766463,3.26094050772076,3.0182437661825983,3.8130909744091763,4.59070115883756,2.922565698080623,3.1837250219553925,5.137527399106819,2.0440785739476595,1.9576879153839053,4.59070115883756,2.943632995589691,2.922565698080623,2.7845266105938644,3.185022973424229,2.6287888324075848,6.315864283961333,1.858752455697993,6.2104593298555475,4.476891427868959,3.5049609283280274,8.222318181481976,3.200664003933676,3.446676478042876,0.0,2.67825679492299,1.6898304968289826,1.644416900189514,1.986336976047363,0.9246088969326893,2.71508353744707,2.829432321690614,5.778792534625483,7.717374305509615,4.728601908331804,1.986336976047363,6.919681491851768,3.637146639100443,2.80667422508468,7.618073094228107,3.200664003933676,5.988604252261103,1.5359079269785993,4.854050514037741,4.801875995111894,4.177390512037053
79,2.5645966677567187,6.781117619835187,1.9543622533268081,2.665282335855913,5.597289089861716,2.766175047916632,3.3863711368382168,2.625996316041347,0.8368910260584664,3.6132161780834804,4.149065752082311,5.8843162934854165,2.446137800520824,2.2973199157817006,3.7875633872953394,3.427221821786731,6.156247158635379,3.9024360417552457,2.012100809039317,6.851849065130181,4.456418172497036,3.8121028567943123,3.427221821786731,2.703610608573475,5.041915058216589,1.415231617664934,2.4697955557178894,6.781117619835187,1.948542417405033,3.2650992863139003,1.811853092336517,2.3119921568618844,5.966206810608413,2.7447812837102767,1.3876014897553441,0.937046340104305,5.60296398286612,6.086901480213685,3.3292576856187193,3.2650992863139003,1.0622999007097185,5.295469785542474,4.890437164381854,2.7447812837102767,5.790596183144229,5.088854008194269,4.224978105481666,1.2875690221142781,0.8368910260584664,5.8843162934854165,2.335762374787943,5.460577138948528,5.836448571912256,5.5553285259930965,2.7005554444733915,2.355805173555801,1.9559505245039346,3.318149543805539,4.102459266138528,0.9082432047125275,1.5779528309843134,6.088956719563133,1.022217144308133,0.9358264857443787,4.102459266138528,1.921771565950165,0.9082432047125275,2.406487459177976,5.469691611244908,1.6069274027680587,4.885575641708956,0.8368910260584664,4.780170687603171,2.5645966677567187,3.2303366088515713,6.781117619835187,1.933144126004579,3.17205215856642,2.6779704116290945,0.0,1.696985492709705,1.148766782486145,0.9570013081062994,2.8122095756609036,1.693222107807544,1.9884807493975427,5.882451447686065,6.287085663257239,2.8882915261066415,0.9570013081062994,5.478480930204978,1.8464871044292046,2.1548270468145962,6.176872532581316,1.933144126004579,4.9628333140197345,0.937046340104305,3.250091155777201,3.924259414774214,3.2910955702442215
80,3.345470167172861,7.090896920785878,2.5097722734173784,3.2206923559464826,5.907068390812407,1.7299262960372204,3.941781156928787,3.6094195553674044,1.3923010461490366,4.168626198174051,4.70447577217288,6.183183675041695,3.238613909485398,3.2807431551077584,4.692441797006618,3.9826318418773012,6.46602645958607,4.8073144514665245,2.9955240483653744,7.5357848347742795,4.766197473447727,4.367512876884882,3.9826318418773012,3.687033847899533,3.3449295655068836,1.970641637755504,3.0252055758084593,7.090896920785878,2.503952437495603,3.8205093064044706,2.367263112427087,2.8674021769524543,6.275986111559104,1.0477957910005717,1.9430115098459142,1.492456360194875,3.905978490156418,4.38991598750398,2.612871357293168,3.8205093064044706,1.5534546881344977,3.598484292832769,3.385833531510014,1.0477957910005717,4.093610690434525,5.387721389750547,4.523845487037945,2.2709922614403357,1.3923010461490366,6.183183675041695,3.030300566682495,4.226128581063619,6.146227872862947,5.865107826943787,3.2559654645639613,1.4554233006943496,1.2075991629855007,3.8735595638961087,4.657869286229096,1.8916664440385849,1.3730804187582946,5.876382340806733,1.577627164398703,1.4912365058349488,4.657869286229096,2.477181586040735,1.8916664440385849,0.9738820073967668,3.9650879783730675,2.1623374228586285,5.184443023265235,1.3923010461490366,5.079038069159449,3.345470167172861,3.7857466289421415,7.090896920785878,2.7342125943847195,3.72746217865699,1.6417216597496829,1.6385569667400146,0.0,0.3980641087455569,0.739984184603406,2.3268782417864204,2.2486321278981136,2.543890769488112,6.362772604381256,6.585953044813517,3.8717147654326984,0.739984184603406,5.788260231155669,1.8265020359033448,0.9960296218875819,6.486651833532007,2.7342125943847195,5.703062700058601,1.492456360194875,4.233514395103259,4.664488800813081,3.879287724371322
81,2.9998011968592153,7.2163221489376825,1.9615535631938181,2.672473645722923,6.032493618964212,1.7325198252669631,3.3935624467052268,3.0612008451438437,0.8440823359254764,3.6204074879504904,4.156257061949321,6.319520822587912,2.6903951992618382,2.732524444884197,4.144223086783059,3.434413131653741,6.591451687737875,4.259095741242966,2.4473053381418137,7.287053594232678,4.891622701599532,3.8192941666613223,3.434413131653741,3.138815137675972,3.7429936742524403,1.422422927531944,2.4769868655848994,7.2163221489376825,1.955733727272043,3.2722905961809103,1.819044402203527,2.3191834667288944,6.401411339710909,1.445859899746129,1.3947927996223541,0.944237649971315,4.304042598901975,4.7879800962495365,2.615464886522911,3.2722905961809103,1.0052359779109374,3.996548401578326,3.783897640255571,1.445859899746129,4.491674799180081,5.5240585372967645,4.660182634584162,1.7227735512167754,0.8440823359254764,6.319520822587912,2.482081856458935,4.624192689809176,6.271653101014752,5.990533055095592,2.7077467543404015,1.9743015158080213,1.7264773780991725,3.325340853672549,4.109650576005538,1.3434477338150246,1.7919898042076374,6.096148029430144,1.029408454175143,0.9430177956113887,4.109650576005538,1.928962875817175,1.3434477338150246,1.4927602225104384,4.363152087118625,1.6141187126350687,5.320780170811452,0.8440823359254764,5.215375216705667,2.9998011968592153,3.2375279187185813,7.2163221489376825,2.1859938841611597,3.17924346843343,1.6443151889794256,1.090338256516454,0.3980641087455568,0.0,0.1917654743798457,2.329471771016163,1.700413417674554,1.9956720592645527,6.074462123501374,6.7222901923597345,3.323496055209138,0.1917654743798457,5.913685459307474,2.0632044066813817,1.5149078370012536,6.612077061683812,2.1859938841611597,5.154843989835042,0.944237649971315,3.6852956848796987,4.116270090589522,3.3310690141477624
82,2.8080357224793695,7.024556674557837,1.7697880888139723,2.4807081713430765,5.840728144584366,2.074439901124812,3.2017969723253814,2.869435370763998,0.6523168615456307,3.428642013570645,3.9644915875694755,6.127755348208066,2.498629724881993,2.5407589705043514,3.952457612403213,3.242647657273896,6.399686213358029,4.067330266863119,2.255539863761968,7.095288119852833,4.699857227219686,3.6275286922814773,3.242647657273896,2.9470496632961263,4.084913750110289,1.2306574531520982,2.2852213912050536,7.024556674557837,1.7639682528921972,3.080525121801065,1.6272789278236812,2.1274179923490486,6.209645865331063,1.7877799756039778,1.2030273252425083,0.7524721755914693,4.645962674759823,5.129900172107385,2.9573849623807598,3.080525121801065,0.3715504658768755,4.338468477436175,4.12581771611342,1.7877799756039778,4.83359487503793,5.332293062916919,4.468417160204316,1.5310080768369296,0.6523168615456307,6.127755348208066,2.29031638207909,4.966112765667024,6.079887626634906,5.798767580715746,2.5159812799605556,2.098463169196122,1.6986085201442556,3.133575379292703,3.917885101625692,1.1516822594351788,1.3206108266246341,5.904382555050298,0.8376429797952971,0.751252321231543,3.917885101625692,1.7371974014373293,1.1516822594351788,1.7629434136233388,4.705072162976474,1.4223532382552229,5.129014696431606,0.6523168615456307,5.023609742325821,2.8080357224793695,3.0457624443387363,7.024556674557837,1.9942284097813137,2.9874779940535845,1.9862352648372747,0.8985727821366085,0.7399841846034059,0.1917654743798457,0.0,2.6276354111480678,1.5086479432947082,1.803906584884707,5.882696649121527,6.530524717979889,3.1317305808292923,0.0,5.721919984927628,1.5918254290983782,1.785091028114154,6.420311587303966,1.9942284097813137,4.963078515455197,0.7524721755914693,3.493530210499853,3.9245046162096764,3.139303539767917
83,4.6290856004193595,8.730871405304512,2.4949960689515014,2.01727150290509,7.547042875331043,0.6576251879932415,2.440860082568458,3.9850790842516775,1.9089188949925382,1.6508148786348054,3.4171722710351307,7.823158159560329,3.223837705019521,4.361808848444342,3.8959598351585316,2.4817107675169727,8.106000944104705,4.010832489618438,3.1039218389466523,8.530980029680629,6.406171957966363,2.058862620792831,2.4817107675169727,4.768099541236116,2.693980029037654,1.7803221514006857,2.090611754264746,8.730871405304512,2.489176233029726,2.3195882320441426,2.35248690796121,1.9328083554087412,7.915960596077739,2.068599237933687,1.9282353053800372,1.9809329430158193,3.451113888880254,3.7389664510347504,0.4219630462007202,2.3195882320441426,3.2958438988429446,2.9475347563635395,2.7348839950407844,2.068599237933687,3.4426611539652945,7.027695874269181,6.1638199715565785,3.3520579547769196,1.9089188949925382,7.823158159560329,2.9107103815315343,3.7712639797874554,7.786202357381582,7.505082311462423,2.3213716430202482,3.769493731543295,3.5267969900051335,2.5929556006629624,3.370565785091347,2.9727321373751683,3.6922782457779277,5.143445665293375,1.8968238913353448,1.6559815980774593,3.370565785091347,2.462405381574858,2.9727321373751683,3.2930798344163996,3.3141384419038378,2.1475612183927515,6.824417507783869,1.9089188949925382,6.719012553678083,4.6290856004193595,2.284825554581813,8.730871405304512,2.7194363899188425,2.226541104296662,0.9246088969326893,2.7284232342175345,2.1983837206515178,2.152970124012049,2.482373395311853,0.0,2.2338559234322366,1.6092969479444,5.68808701218122,8.22592752933215,4.247374294316971,2.482373395311853,7.4282347156743045,4.136785981223884,3.3152274489072147,8.126626318050644,2.7194363899188425,4.76846887851489,1.9809329430158193,4.077603735562169,3.5817406213656797,2.9572551382908383
84,2.5559362087449524,6.7724571608234205,0.4337295555982349,1.3585551944228185,5.58862863084995,2.7689988026643335,2.331322943472381,1.5948428418763139,0.8894462660206882,2.5890182081868,2.842338610649217,5.87565583447365,0.8336014626441584,2.2886594567699343,2.2874293501653775,2.4030238518900506,6.147586699623613,2.402302004625284,0.7136855965712896,6.4359629517660055,4.44775771348527,2.787904886897632,2.4030238518900506,2.6949501495617083,4.547720729789621,0.3260044962816165,1.048139736172832,6.7724571608234205,0.0989399906543626,2.114461074097821,0.19456416241056032,1.0052650154287905,5.957546351596647,2.7942808040977565,0.0915383108247288,0.9614603140439693,4.672443144212761,5.359909896796157,2.722886306017831,2.114461074097821,2.2763712698710945,4.568478202124947,3.866239194485174,2.7942808040977565,5.063604599726702,5.0801935491825025,4.2163176464699,1.8006766778476524,0.8894462660206882,5.87565583447365,0.6252881198412551,4.436379169051849,5.82778811290049,5.54666806698133,1.3938283030402974,3.626631421378631,3.2267767723267644,2.011422402372445,2.795732124705433,1.0406388845424563,2.848779078807142,5.064758749666453,0.3547411058097419,0.7666477856156424,2.795732124705433,0.07216913919949469,1.0406388845424563,3.2975810647082904,4.445493641348228,0.0862947050394854,4.87691518269719,0.8894462660206882,4.771510228591405,2.5559362087449524,2.206138638954891,6.7724571608234205,0.32920014754347904,2.0214139463503407,2.702384385568759,1.7089506052456844,2.2028849509434085,1.6546662407198482,1.4629007663400027,2.2058381960600153,0.0,1.09129705235701,4.61494694955641,6.2784252042454725,1.857138051941608,1.4629007663400027,5.469820471193212,3.117313352252034,3.3197286791991054,6.16821207356955,0.32920014754347904,3.695328815890079,0.9614603140439693,1.9825866576475455,2.6567549166445583,1.4742752775300825
85,3.4070651406251486,7.623586092703616,1.3916701689089235,1.1827726343601916,6.439757562730145,1.858877968265228,1.964794765781067,2.8817531842090998,0.6868984351983264,2.1916398070263314,2.66655605058659,6.726784766353846,2.1205118049769442,3.1397883886501305,2.792633935115954,2.0056454507295816,6.998715631503808,2.9075065895758603,2.0005959389040755,7.427654129638053,5.2988866453654655,2.390526485737163,2.0056454507295816,3.546079081441905,4.150342328629151,0.676996251358108,0.9872858542221686,7.623586092703616,1.3858503329871483,1.8435229152567514,1.2491610079186324,0.8294824553661637,6.808675283476842,2.591732973275394,0.8249094053374596,0.7589124832216074,4.275064743052292,4.962531495635687,2.1375603015626434,1.8435229152567514,2.073823439048733,4.171099800964477,3.468860793324705,2.591732973275394,4.666226198566232,5.931322481062698,5.067446578350095,2.130037494982708,0.6868984351983264,6.726784766353846,1.8073844814889568,4.0390007678913795,6.678917044780685,6.3977969988615255,1.2180457429776705,3.424083590556269,3.024228941504403,1.8356398423098181,2.6199495646428064,1.750711677580957,2.6462312479847805,4.667380348505984,0.6748034315411331,0.4339611382832477,2.6199495646428064,1.3590794815322804,1.750711677580957,3.0950332338859288,4.048115240187759,1.044235318350174,5.7280441145773855,0.6868984351983264,5.6226391604716,3.4070651406251486,1.808760237794422,7.623586092703616,1.6161104898762648,1.750475787509271,2.499836554746397,1.5064027744233226,2.000337120121047,1.4521184098974866,1.260352935517641,1.620512191604828,1.1305300233896594,0.0,4.584761112138643,7.129554136125668,3.144048394274394,1.260352935517641,6.320949403073407,2.914765521429672,3.1171808483767443,7.019341005449745,1.6161104898762648,3.665142978472312,0.7589124832216074,2.974277835519592,2.6265690792267913,1.8539292382482608
86,6.3233522629476795,10.337398533809791,4.806232256588424,4.377522075703611,9.18047559173314,6.214864962820043,4.286281147652305,4.751378652115444,5.171978887130642,4.789834219806899,3.407462440068052,9.64307188867638,3.984930384893078,6.056075510972662,4.7177971575639726,3.5202181025611123,9.152352158471954,4.832669812023879,3.8650145188202094,9.237560508376236,8.202455619808216,4.303734784272363,3.5202181025611123,6.462366203764437,4.385821115278779,4.520240812674284,3.5498773582905483,10.337398533809791,3.887184434867221,3.792476721399779,4.239576837326628,3.7076807571465533,9.549393312479836,5.082778855176338,4.464041011814918,5.243992935153923,3.0406659984869164,3.911508618797372,5.771349963821711,3.792476721399779,6.558903890981049,3.355450753319118,4.080337019400978,5.082778855176338,3.615203321727916,8.84760960338523,7.983733700672627,5.568283209910464,5.171978887130642,9.64307188867638,3.617290860227139,2.8621093679088943,9.323352776928143,8.599447470976806,4.003434848505621,7.732580373108143,7.489883631569979,4.081353377233712,3.3608559541242684,4.808245416605267,7.131311699917095,4.05642103293948,4.6372737269196955,4.988128910059811,3.3608559541242684,4.154093013956654,4.808245416605267,7.256166475981246,3.680626276122756,4.294220673675892,8.619145511039976,5.171978887130642,8.538926282794131,6.3233522629476795,3.7219685363296224,10.337398533809791,4.411124022300638,4.039935138291582,5.612480071195964,5.991483226355637,6.161470362216365,5.937198861829803,5.745433387449957,5.651704356215725,4.372318965304721,4.537163212512716,0.0,10.045841258448203,5.013673862180738,5.745433387449957,8.769454167718767,7.3998459733619875,7.278314090472061,9.733153446555923,4.411124022300638,3.8656773219423033,5.243992935153923,4.784184214257774,2.406432548125396,3.77909246069628
87,3.9588110030801094,1.3121218333489741,7.080258856108575,7.677594468859038,2.5337073128760577,8.090056354950288,8.6503622179086,6.848882601395238,6.611332438622858,9.12631846014467,9.161377885085436,0.2294168811047562,6.669024085874716,4.187503997594933,8.01044967264923,8.940324103847919,3.486914607821451,8.125322327109137,6.234987094393208,5.532622200786246,3.1337993777077395,9.3252051388555,8.940324103847919,5.565231331918532,9.70505962441995,6.972533796791956,7.367179010609051,1.2877614358281704,6.417979265090581,8.433500348534043,6.513603436846779,7.32430428986501,2.5337073128760577,7.407925849913639,6.738067611335069,6.711487752668697,10.266108549069479,10.75004604641705,8.973001416206234,8.433500348534043,7.557332941160019,9.958614351745837,9.745963590423084,7.407925849913639,10.453740749347594,1.1816285642744286,2.0112862021601883,5.507826496982002,6.611332438622858,0.2294168811047562,6.558648660141835,10.58625863997668,3.0600795371669585,3.7281040688071196,7.7128675774765165,6.406711104031271,6.580384032345079,8.330461676808664,9.114771399141652,5.439901552476913,7.063651152854257,10.74559298259662,6.796658556872525,6.7102678983087705,9.114771399141652,6.407110528931689,5.439901552476913,6.009654776490852,10.325218037286136,6.568247273196043,3.0539845244382624,6.611332438622858,2.9485795703324764,3.9588110030801094,8.74343889091276,1.2877614358281704,6.157142720209058,8.340453220786562,8.00185171866275,6.989912276534607,6.7826826347209295,6.935627912008773,6.743862437628927,8.586650988225298,6.646345564824872,7.73782635286735,10.10533773303996,0.0,7.111177811460532,6.743862437628927,3.691902385306977,7.517072769999308,6.2404090005576744,1.9451846980482788,6.157142720209058,9.185719599373629,6.711487752668697,6.864836554362329,8.147145700128105,7.513981855598114
88,3.6208354833308314,7.341210165602606,2.6023004062596606,3.199636019010123,6.184287223525954,4.93756965332576,4.172403768059686,0.7485067683812583,3.0580171166821137,4.648360010295754,4.350501178408674,6.940555109059528,1.7747470598555855,3.3535587313558133,3.111672264648806,4.462365653999004,6.156163790264766,3.2265449191087123,1.3407100683740785,6.241372140169047,5.2062672516010275,4.847246689006585,4.462365653999004,3.7598494241475877,6.607062531898576,2.494575346943042,2.5957404432506284,7.341210165602606,1.880064507263996,3.8976439840000996,2.035644986997865,2.7535438421066334,6.55320494427265,4.962851654759182,2.260109161486154,3.130031164705395,6.2322217171835455,7.103064337493999,4.891457156679256,3.8976439840000996,4.222969547811442,6.547006472015745,5.925580996594129,4.962851654759182,6.806759040424543,6.145092823768381,5.281216921055778,2.8655759524335322,3.0580171166821137,6.940555109059528,1.6598712521414094,6.053665086605523,6.327164408720957,5.603259102769617,3.1421071297181404,5.573229699318978,5.173375050267112,3.6672283965259846,4.30389469246489,2.105538159128335,4.7953773567474896,5.846815574596195,2.5233119564711672,2.935218636277068,4.30389469246489,1.9291520790827748,2.105538159128335,5.244179342648639,6.504835443457183,2.0902888233471284,5.622957142832786,3.0580171166821137,5.836409503177283,3.6208354833308314,4.265480441063845,7.341210165602606,1.6791842703601427,3.804596856252619,4.870955236230183,3.6555488831860323,4.149483228883757,3.6012645186601966,3.4094990442803508,4.374409046721441,2.1683871149759577,3.259867903018436,5.206560325039532,7.3433244788313505,0.0,3.4094990442803508,5.773265799511582,4.9164705692114214,5.266326957139453,6.736965078348735,1.6791842703601427,4.2869421913732015,3.130031164705395,1.3196108251202647,3.248368292127681,2.615204447597688
89,2.8080357224793695,7.024556674557837,1.7697880888139723,2.4807081713430765,5.840728144584366,2.074439901124812,3.2017969723253814,2.869435370763998,0.6523168615456307,3.428642013570645,3.9644915875694755,6.127755348208066,2.498629724881993,2.5407589705043514,3.952457612403213,3.242647657273896,6.399686213358029,4.067330266863119,2.255539863761968,7.095288119852833,4.699857227219686,3.6275286922814773,3.242647657273896,2.9470496632961263,4.084913750110289,1.2306574531520982,2.2852213912050536,7.024556674557837,1.7639682528921972,3.080525121801065,1.6272789278236812,2.1274179923490486,6.209645865331063,1.7877799756039778,1.2030273252425083,0.7524721755914693,4.645962674759823,5.129900172107385,2.9573849623807598,3.080525121801065,0.3715504658768755,4.338468477436175,4.12581771611342,1.7877799756039778,4.83359487503793,5.332293062916919,4.468417160204316,1.5310080768369296,0.6523168615456307,6.127755348208066,2.29031638207909,4.966112765667024,6.079887626634906,5.798767580715746,2.5159812799605556,2.098463169196122,1.6986085201442556,3.133575379292703,3.917885101625692,1.1516822594351788,1.3206108266246341,5.904382555050298,0.8376429797952971,0.751252321231543,3.917885101625692,1.7371974014373293,1.1516822594351788,1.7629434136233388,4.705072162976474,1.4223532382552229,5.129014696431606,0.6523168615456307,5.023609742325821,2.8080357224793695,3.0457624443387363,7.024556674557837,1.9942284097813137,2.9874779940535845,1.9862352648372747,0.8985727821366085,0.7399841846034059,0.1917654743798457,0.0,2.6276354111480678,1.5086479432947082,1.803906584884707,5.882696649121527,6.530524717979889,3.1317305808292923,0.0,5.721919984927628,1.5918254290983782,1.785091028114154,6.420311587303966,1.9942284097813137,4.963078515455197,0.7524721755914693,3.493530210499853,3.9245046162096764,3.139303539767917
90,2.8797122795217,2.3854197354436577,6.001160132550167,6.59849574530063,0.9328811662152905,7.0329166301868815,7.571263494350193,5.76978387783683,5.53223371506445,8.04721973658626,8.003445637470657,3.16665377331417,5.589925362316308,3.1084052740365236,6.857871603285455,7.861225380289511,1.1664507195088945,6.9727442577453616,5.1558883708348,2.7129054716649987,0.8681868430088943,8.246106415297092,7.861225380289511,3.957312240245068,8.647919899656545,5.893435073233548,6.248684902312611,2.3854197354436577,5.338880541532173,7.354401624975632,5.434504713288371,6.245205566306602,1.3017988869619872,6.3507861251502336,5.658968887776661,5.632389029110289,9.208968824306076,9.692906321653645,7.915861691442828,7.354401624975632,6.478234217601611,8.90147462698243,8.688823865659678,6.3507861251502336,9.396601024584188,2.4380672852927003,2.209355527649352,4.428727773423595,5.53223371506445,3.16665377331417,5.406070590778059,9.529118915213278,1.1291675941449675,0.825086660002965,6.6337688539181086,5.349571379267866,5.523244307581674,7.251362953250257,7.956839151526873,4.360802828918505,6.006511428090852,9.499760033658177,5.717559833314117,5.6311691747503625,7.956839151526873,5.328011805373281,4.360802828918505,4.952515051727447,9.26807831252273,5.489148549637635,1.2848767342406529,5.53223371506445,1.7585137438518486,2.8797122795217,7.664340167354352,2.3854197354436577,5.07804399665065,7.261354497228152,6.944711993899344,5.910813552976199,5.725542909957524,5.856529188450365,5.664763714070519,7.507552264666891,5.567246841266464,6.658727629308942,8.859504784101517,2.937236892209414,6.017500362824961,5.664763714070519,0.0,6.4599330452359025,5.183269275794268,1.7811746481897883,5.07804399665065,7.939886650435183,5.632389029110289,4.316452273867477,6.901312751189662,6.268148906659671
91,3.7364648828181126,7.8124683688289664,3.2624562510615145,3.9733763335906183,6.628639838855496,3.6772424383086797,4.694465134572921,4.362103533011539,2.1449850237931725,4.921310175818187,5.4571597498170155,6.904755123084784,3.991297887129534,3.793678907483653,5.445125774650752,4.735315819521436,7.187597907629158,5.559998429110659,3.74820802600951,8.257356282817367,5.487768921490816,5.120196854529017,4.735315819521436,4.439717825543669,5.292245707778344,2.72332561539964,3.777889553452595,7.8124683688289664,3.256636415139739,4.573193284048606,3.119947090071223,3.62008615459659,6.997557559602193,2.995111933272031,2.6956954874900503,2.245140337839011,5.8532946324278745,6.33723212977544,4.560187499564627,4.573193284048606,1.4878685420725088,5.54580043510423,5.333149673781475,2.995111933272031,6.040926832705985,6.109292837793636,5.245416935081034,2.6213925671730585,2.1449850237931725,6.904755123084784,3.782984544326631,6.173444723335075,6.867799320906036,6.586679274986875,4.008649442208097,1.2543134274094794,0.8544587783576129,4.626243541540245,5.410553263873232,2.6443504216827205,0.2716073642509956,7.39705071729784,2.330311142042839,2.2439204834790845,5.410553263873232,3.229865563684871,2.6443504216827205,1.4830620661993112,5.912404120644529,2.9150214005027646,5.906014471308324,2.1449850237931725,5.800609517202538,3.7364648828181126,4.538430606586277,7.8124683688289664,3.4868965720288556,4.480146156301125,3.589037802021142,1.6933471365565396,1.8265020359033446,2.139648474809077,1.5059629627750153,4.120303573395609,3.0013161055422497,3.2965747471322477,7.37536481136907,7.307524492856606,4.624398743076833,1.5059629627750153,6.509831679198757,0.0,1.2456790820592867,7.208223281575096,3.4868965720288556,6.455746677702738,2.245140337839011,4.986198372747395,5.417172778457218,4.631971702015458
92,2.790377845774316,6.535804599387333,3.6266160016730766,4.33753608420218,5.351976069413863,2.8467700242929173,5.058624885184483,4.726263283623102,2.509144774404735,5.285469926429748,5.821319500428577,5.628091353643151,4.355457637741098,3.0190708402891393,5.809285525262315,5.099475570132999,5.910934138187525,5.924158179722221,4.112367776621071,6.980692513375735,4.211105152049183,5.484356605140579,5.099475570132999,4.402592599169045,4.461773293762581,3.0874853660112023,4.142049304064157,6.535804599387333,3.620796165751301,4.937353034660169,3.4841068406827853,3.984245905208152,5.720893790160559,2.164639519256269,3.0598552381016124,2.6093000884505737,5.022822218412113,5.506759715759678,3.7297150855488654,4.937353034660169,1.879390621752411,4.715328021088467,4.502677259765712,2.164639519256269,5.210454418690222,4.832629068352003,3.9687531656394004,3.3878359896960335,2.509144774404735,5.628091353643151,4.147144294938194,5.342972309319314,5.5911355514644026,5.310015505545242,4.372809192819658,0.4593936788067675,0.2253796667282874,4.9904032921518064,5.774713014484793,3.008510172294282,0.7922574649142363,6.993226069062428,2.6944708926544014,2.608080234090647,5.774713014484793,3.594025314296433,3.008510172294282,0.107210564727909,5.081931706628766,3.2791811511143267,4.6293507018666915,2.509144774404735,4.523945747760906,2.790377845774316,4.902590357197839,6.535804599387333,3.8510563226404178,4.844305906912688,2.75856538800538,2.141823803023489,0.9960296218875819,1.5149078370012539,1.7850910281141537,3.4437219700421178,3.365475856153812,3.66073449774381,7.47961633263695,6.030860723414973,4.988558493688396,1.7850910281141537,5.233167909757124,1.2456790820592865,0.0,5.931559512133463,3.8510563226404178,6.819906428314299,2.6093000884505737,5.350358123358957,5.781332529068779,4.99613145262702
93,3.5891320102907467,0.4950982336538916,6.710579863319213,7.307915476069676,0.4793757612278009,7.742336360955929,8.280683225119239,6.479203608605876,6.241653445833496,8.756639467355306,8.791698892296074,1.357532714730363,6.299345093085353,3.81782500480557,7.640770679859869,8.570645111058555,1.432583056173194,7.7556433343197755,5.865308101603846,3.478290649137989,1.5776065737779408,8.955526146066136,8.570645111058555,4.666731971014115,9.357339630425594,6.602854804002594,6.9975000178196884,0.4950982336538916,6.048300272301219,8.063821355744679,6.143924444057417,6.954625297075648,0.4793757612278009,7.06020585591928,6.368388618545707,6.341808759879335,9.918388555075122,10.402326052422694,8.625281422211875,8.063821355744679,7.187653948370657,9.61089435775148,9.398243596428728,7.06020585591928,10.106020755353237,1.9045699659738329,2.4068308327086574,5.13814750419264,6.241653445833496,1.357532714730363,6.188969667352473,10.238538645982324,1.0057479855187017,1.6737725171588629,7.343188584687154,6.058991110036913,6.232664038350721,7.960782684019303,8.74509240635229,5.070222559687551,6.715931158859899,10.375913989807259,6.426979564083163,6.340588905519408,8.74509240635229,6.037431536142327,5.070222559687551,5.661934782496494,9.97749804329178,6.198568280406681,1.9942964650096995,6.241653445833496,2.4679334746208954,3.5891320102907467,8.373759898123396,0.4950982336538916,5.787463727419696,7.970774227997198,7.6541317246683915,6.620233283745245,6.434962640726571,6.5659489192194105,6.374183444839565,8.216971995435935,6.27666657203551,7.368147360077987,9.735658740250598,1.128115833625607,6.74149881867117,6.374183444839565,1.7811746481897883,7.169352776004949,5.892689006563316,0.0,5.787463727419696,8.816040606584265,6.341808759879335,5.3086437504325295,7.777466707338744,7.144302862808752
94,2.268264153643335,6.4847851057218024,0.9646442283413791,1.5619798410918417,5.300956575748332,3.2999134754074775,2.534747590141404,1.307170786774697,1.4203609387638325,3.010703832377472,3.0457632573182396,5.587983779372032,1.0370261093131814,2.0009874016683167,2.4687378580286885,2.824709476080723,5.859914644521995,2.583610512488595,0.6932752797726669,6.3846419206290115,4.160085658383652,3.2095905110883045,2.824709476080723,2.4072780944600916,4.969406353980293,0.8569191690247606,1.2515643828418552,6.4847851057218024,0.3023646373233856,2.3178857207668444,0.39798880907958334,1.2086896620978136,5.669874296495029,3.325195476840901,0.6224529835678729,1.4923749867871137,5.094128768403433,5.78159552098683,3.253800978760975,2.3178857207668444,2.8072859426142385,4.990163826315619,4.2879248186758465,3.325195476840901,5.485290223917374,4.7925214940808845,3.9286455913682823,1.5130046227460352,1.4203609387638325,5.587983779372032,0.828712766510278,4.85806479324252,5.540116057798872,5.258996011879712,1.5972529497093204,4.157546094121775,3.757691445069909,2.214847049041468,2.999156771374456,0.752966829440839,3.3796937515502865,5.203881167976079,0.885655778552886,1.2975624583587866,2.999156771374456,0.2914959011644937,0.752966829440839,3.828495737451435,4.8671792655389,0.4526326454288471,4.589243127595574,1.4203609387638325,4.483838173489788,2.268264153643335,2.6278242631455635,6.4847851057218024,0.0,2.224838593019364,3.233299058311904,2.239865277988829,2.733799623686553,2.1855809134629927,1.993815439083147,2.7367528688031593,0.5307309370576765,1.6222117251001547,4.563625918419416,5.990753149143854,1.569465996839991,1.993815439083147,5.182148416091594,3.5638992395239226,3.8506433519422503,5.880540018467932,0.0,3.644007784753085,1.4923749867871137,1.9125513858340446,2.6054338855075643,1.6776999241991053
95,5.454493271622681,9.468539542484795,3.937373265263425,3.4588209967703345,8.311616600408142,5.3460059714950425,3.3675800687190285,3.882519660790445,4.303119895805643,3.8711331408736216,2.4887613611347748,8.774212897351381,3.1160713935680793,5.187216519647664,2.40545577641014,2.6015170236278347,8.283493167146956,2.4959361796538073,2.9961555274952105,8.368701517051235,7.333596628483217,3.3850337053390858,2.6015170236278347,5.593507212439438,4.688156350111247,3.6513818213492852,2.6810183669655494,9.468539542484795,3.018325443542222,2.873775642466502,3.370717846001629,2.8388217658215544,8.680534321154838,6.20795443388271,3.5951820204899185,4.375133943828923,3.8391268533770613,4.944369160583261,5.29989347484854,2.873775642466502,5.690044899656049,4.388311295105008,4.0066748148068,6.20795443388271,4.648063863513806,7.978750612060232,7.114874709347629,4.699424218585464,4.303119895805643,8.774212897351381,2.74843186890214,3.6030628782161487,8.454493785603146,7.730588479651806,3.084733769572344,7.040305051163584,6.640450402111718,3.162652298300434,2.442154875190991,3.939386425280267,6.262452708592095,3.2384561158287135,3.768414735594696,4.119269918734812,2.442154875190991,3.2852340226316556,3.939386425280267,6.711254694493244,4.585929261669854,3.425361682350893,7.750286519714975,4.303119895805643,7.670067291469134,5.454493271622681,2.8032674573963448,9.468539542484795,3.5422650309756403,3.1212340593583043,6.002980738636939,5.122624235030637,5.616558580728363,5.068339870504802,4.876574396124957,4.782845364890725,3.503459973979722,3.6683042211877184,3.424859185007924,9.176982267123202,4.144814870855739,4.876574396124957,7.900595176393771,6.530986982036987,6.733402308984059,8.864294455230926,3.5422650309756403,0.0,4.375133943828923,3.9153252229327755,1.3866284748537803,2.095116258172346
96,2.8203220194726604,7.036842971551128,1.2176265413141805,1.9285466238432845,5.853014441577657,1.6064394931387718,2.649635424825589,2.7077095566143567,0.10015531404583859,2.8764804660708525,3.4123300400696825,6.140041645201357,1.946468177382201,2.5530452674976423,3.400296064903421,2.690486109774103,6.411972510351319,3.515168719363327,1.8265523113093323,7.107574416846123,4.712143524212977,3.0753671447816844,2.690486109774103,2.9593359602894167,3.907265049886543,0.6784959056523061,1.7330598437052611,7.036842971551128,1.211806705392405,2.528363574301273,1.0751173803238891,1.5752564448492563,6.221932162324354,1.610131275380232,0.6508657777427164,0.0,4.468313974536077,4.952251471883638,2.4893845543947197,2.528363574301273,1.487080317896245,4.160819777212428,3.9481690158896736,1.610131275380232,4.655946174814183,5.34457935991021,4.480703457197607,1.54329437383022,0.10015531404583859,6.140041645201357,1.7381548345792976,4.723841426935901,6.092173923628197,5.811053877709036,1.9638197324607631,2.837340469403781,2.4374858203519145,2.5814138317929105,3.365723554125899,1.1639685564284692,2.059488126832293,5.352221007550506,0.285481432295505,0.1990907737317508,3.365723554125899,1.1850358539375372,1.1639685564284692,2.5082901127334405,4.5274234627527274,0.8701916907554308,5.141300993424897,0.10015531404583859,5.035896039319112,2.8203220194726604,2.4936008968389434,7.036842971551128,1.4420668622815216,2.4353164465537924,1.5182348568512343,0.9196596532708348,1.413593998968559,0.8653752887449989,0.6736098143651532,2.075473863648276,0.9564863957949161,1.2517450373849148,5.330535101621734,6.5428110149731795,2.9700047666796507,0.6736098143651532,5.734206281920918,2.328022400277184,2.530437727224256,6.432597884297257,1.4420668622815216,4.410916967955404,0.0,3.095453372385588,3.3723430687098834,2.587141992268125
97,3.8393932245042115,5.828250527395092,2.857007870602885,3.1010732727039554,4.671327585318439,4.841644785009066,4.073841021753518,1.4357222628042807,3.3127245810253383,4.549797263989587,3.9314179156376197,6.27346257806122,1.9782558646381574,3.5721164725291934,2.7858438814524176,4.04417357813068,4.643204152057252,2.900716535912324,1.5442188731566504,4.728412501961533,3.6933076133935137,4.748683942700418,4.04417357813068,3.127673278117954,6.188870456030251,2.7492828112862666,2.1766571804795736,5.828250527395092,2.083573312046568,3.4785607212290452,2.2903524513410893,2.3344605793355786,5.0402453060651355,5.217559119102407,2.5148166258293787,3.3847386290486194,5.813138454412491,6.6839810747229444,4.795532288362563,3.4785607212290452,4.441717766844904,6.127923209244691,5.507388920725805,5.217559119102407,6.387675777653489,5.54487609003975,5.0344762980339715,3.0843241714669936,3.3127245810253383,6.27346257806122,1.3340428689450214,5.634581823834469,4.814204770513443,4.0902994645621025,2.7230238669470856,5.79197791835244,5.392123269300574,3.2481451337549303,3.884811429693836,2.3242863781617964,5.014125575780951,5.42773231182514,2.778019420814392,3.1899261006202924,3.884811429693836,2.1838595434259997,2.3242863781617964,5.4629275616821005,6.0866433675888585,2.344996287690353,4.109997504625272,3.3127245810253383,4.583634514236468,3.8393932245042115,4.166917694757678,5.828250527395092,1.9338917347033677,3.3855135934815648,5.125662700573408,3.8742971022194936,4.368231447917219,3.820012737693658,3.628247263313812,4.278484178404748,2.4230945793191823,3.1639430347017425,4.787477062268477,6.044045696956464,1.354015708973769,3.628247263313812,4.260306161304067,5.135218788244882,5.485075176172915,5.224005440141221,1.9338917347033677,3.8678589286021463,3.3847386290486194,0.0,2.8292850293566256,2.196121184826633
98,4.067864796768902,8.081911067631015,2.550744790409644,2.2188059843361514,6.924988125554363,3.959377496641262,2.288112156109684,2.495891185936664,2.9164914209518624,2.7916652282642773,1.4092934485254307,7.3875844224976,1.729442918714299,3.800588044793884,2.4623096913851947,1.5220491110184904,6.896864692293176,2.577182345845101,1.6095270526414303,6.982073042197457,5.946968153629437,2.3055657927297415,1.5220491110184904,4.206878737585658,3.6667459889180605,2.264753346495505,1.2943898921117698,8.081911067631015,1.6316969686884413,1.794307729857158,1.9840893711478482,1.4521932909677746,7.29390584630106,4.821325959028931,2.2085535456361374,2.9885054689751436,3.4207008395100718,4.291543459820526,3.913264999994759,1.794307729857158,4.303416424802269,3.687503461253387,2.985264453613614,4.821325959028931,3.9952381627510714,6.592122137206452,5.72824623449385,3.3127957437316837,2.9164914209518624,7.3875844224976,1.3618033940483596,3.2421442089320496,7.067865310749367,6.343960004798027,1.8407565785792814,5.653676576309805,5.253821927257939,2.08318438569109,1.362686962581647,2.5527579504264866,4.875824233738316,2.905607844712951,2.381786260740916,2.7326414438810316,1.362686962581647,1.8986055477778752,2.5527579504264866,5.324626219639464,3.5645189004766675,2.0387332074971116,6.363658044861196,2.9164914209518624,6.283438816615354,4.067864796768902,1.7237995447870005,8.081911067631015,2.1556365561218596,2.0417661467489605,4.616352263783158,3.735995760176859,4.229930105874583,3.681711395651023,3.489945921271177,3.396216890036943,2.116831499125941,2.281675746333938,2.3950394473660594,7.790353792269422,2.7581863960019586,3.489945921271177,6.513966701539991,5.144358507183208,5.346773834130279,7.477665980377145,2.1556365561218596,1.3661093307161518,2.9885054689751436,2.5286967480789952,0.0,1.5236049945175019
99,3.7011305851942935,7.715176856056404,2.0749308999324265,1.7368149290517045,6.558253913979752,3.4773864413568156,2.709582678101267,2.129156974362055,2.434500365667416,3.1855389203373354,2.6955661219199585,7.02085021092299,1.3627087071396902,3.4338538332192754,0.719453245634728,2.808321784413019,6.530130480718564,0.8343259000946345,1.2427928410668214,6.615338830622846,5.580233942054826,3.3844255990481678,2.808321784413019,3.8401445260110494,4.953018662312589,1.7827622912110583,0.8123988368273232,7.715176856056404,1.1623959641132637,2.1143023775767937,1.5147883665726707,0.970202235683328,6.927171634726449,4.339334903744484,1.7392525410609603,2.506514413690697,4.5772866606948295,5.448129281005283,3.4312739447103127,2.1143023775767937,3.821425369517822,4.892071415527029,4.271537127008142,4.339334903744484,5.151823983935827,6.225387925631843,5.36151202291924,2.946061532157075,2.434500365667416,7.02085021092299,0.9950691824737506,4.398730030116808,6.701131099174756,5.977225793223416,1.3587655232948348,5.171685521025358,4.771830871973492,1.8838867901026795,2.648959635976175,2.186023738851878,4.393833178453869,4.191880518107479,1.8997952054564693,2.2506503885965854,2.648959635976175,1.4293045432026976,2.186023738851878,4.842635164355018,4.850791573871196,1.5694322029219345,5.996923833286584,2.434500365667416,5.916704605040745,3.7011305851942935,2.8026593511054267,7.715176856056404,1.686335551546682,2.0212552498293133,4.134361208498712,3.254004704892412,3.7479390505901367,3.1997203403665764,3.0079548659867306,2.914225834752497,1.6475304945507638,1.799684691049492,3.5516252685508176,7.423619580694813,2.391452184427349,3.0079548659867306,6.14723248996538,4.662367451898762,4.864782778845833,7.1109317688025335,1.686335551546682,2.1368213606282063,2.506514413690697,2.1619625365043857,1.5934332356389642,0.0
