,42037383,42048581,42063199,42046919,6817239796,42067672,42005887,42033003,3008694025,42045886,42061273,42062582,6742636524,42029821,42047060,42012414,1505263383,4356340046,42046301,41995251,42072001,6764373500,42039857,42013137,42016374,5302126526,42065187,41995417,2875040356,42007118,41996811,42040822,42031708,42070248,42032302,3345862100,1505639873,4163674309,42014347,42070906,42061567,42035436,42067564,42042019,42037968,42035582,42003229,10918327953,42024929,5221755484,42065375,42065068,42047589,6181195631,42006852,42048372,1506134788,42045070,42037890,42015515,42048933,42031373,9529496310,42027639,42070173,42017200,42004458,42019387,42034134,42022955,42071604,42031007,42041675,1723784553,4579601874,42062206,42015152,42029506,42012260,42002840,10023824180,42020215,42006803,42003018,7191989494,42022301,324227896,42010733,5379115562
42037383,0.0,3.137132723307328,4.867020772407626,2.2270110657683695,5.4794093327278475,6.1259431883609805,3.9784238847595867,0.6942472310729291,7.494128315630096,1.981487748860688,5.244147434190386,5.638217307957546,1.8686637114090505,2.2162806923061353,3.2005164730015156,3.081263508503623,2.0662327889995087,2.5972411293756528,2.140528557798472,5.145847838450978,6.661037897002276,1.2231868251242406,1.1742329312703028,3.3552986247394285,3.1058022211008005,1.6801923112787152,6.055633450783522,5.217349241453452,1.0055760142858952,3.4629973332500237,5.37884930103429,1.0234927430646537,0.9902532130019277,6.751565041096897,2.5045487504074853,1.1056366278749583,1.902461581889746,1.4964363835155183,2.9684606263910474,6.4477144811086085,4.782103373848867,0.8962990290387084,6.312855326553919,2.52408889729131,3.3997620344352786,2.9625230171453074,5.186264673774009,3.283999284571923,2.301015344817259,2.655054215718389,6.293149590617832,5.996184949664824,2.2048634512775545,5.340975647475478,4.585329536047261,3.0266542773779297,1.6899325631192423,2.0203943594867475,0.6260142210467428,3.7303777961425224,2.5380615132576287,1.451642853136094,2.416344114119948,3.146876341774752,6.714465803188759,3.7955705249443503,5.841458303112759,2.453145989025863,0.6736098143651532,2.1268243233295987,7.209564036842651,1.1730265471981474,3.940225808086377,1.529924880450391,4.921216805155238,5.180515530262907,3.5733719427329946,1.2549346846514997,2.9252289805169776,5.362506475879531,2.727271133765626,3.0059491163352985,3.835371710771829,3.581075614720501,2.111946349817255,3.0658244091790334,5.729451876010023,4.723169457354132,5.266467964918357
42048581,3.137132723307328,0.0,5.59611243759068,1.0561431952637572,6.208500997910901,6.943955098643768,6.734433472020971,3.4502568183343145,8.312140225912884,1.2975925379093325,5.97323909937344,6.456229218240332,4.17547986304688,4.972290279567521,5.8615138233318875,5.841743679999238,4.822242376260894,5.353250716637038,0.996604165508856,7.853543928727022,7.39012956218533,3.979196412385626,2.172986923519454,6.1113082120008135,5.861811808362186,4.436201898540101,6.873645361066308,7.9733588287148365,2.677118264950606,6.223477504745641,7.622759603099019,2.939551446221683,3.746262800263313,7.569576951379684,4.303570857531974,3.8616462151363438,4.658471169151132,4.252445970776905,5.728940797886664,7.176806146291662,5.600115284131654,3.6567792005343254,7.130867236836706,3.856416705076546,6.098932255941798,5.661693238651828,6.981146883514274,5.0788814943121885,5.057024932078646,4.497223313840617,7.111161500900618,6.814196859947611,1.1927227197383836,7.387904168287277,6.63225805685906,4.505651808863745,4.4459421503806285,1.6411945274369437,2.721205633743014,6.486387383403908,4.154135436075894,4.20765244039748,4.215366221244437,5.157367397078803,7.532477713471546,6.5515801122057375,7.636340512853025,5.209155576287248,3.43408998586077,4.882833910590985,8.027575947125438,3.9290361344595333,6.639396029592897,4.285934467711777,6.716099014895503,5.9432260723039345,6.333852114228611,4.010944271912885,5.685709152012595,7.157388685619797,5.483280721027013,5.761958703596684,6.591381298033214,6.337085201981886,4.811116571323774,5.826304580674652,8.48546146327141,7.483649628849749,8.026948136413974
42063199,4.8670207724076295,5.5961124375906826,0.0,4.9476561827192125,1.609332523283418,2.6331655755804784,7.275628923242554,4.846123893226103,4.233293445055807,5.656302969956679,1.1549602467251496,2.2231325364146923,4.152027552108974,4.701903999733409,3.9706141349137187,6.905418666903986,4.3954538454484195,5.995100194451243,5.338876486420887,8.203511367702871,2.4577776056236806,5.124797551115255,5.599626858540613,6.753157689815019,6.503661286176392,4.481947291973732,2.7831619283054065,7.690208636564343,5.675936204611077,7.390508899508358,8.436512830286182,4.921400157440043,5.142129875155102,2.949324887803645,6.676690758881298,5.2575132900281325,4.739809939723637,5.043749467816593,6.528984143240252,2.2755028969351665,1.5233593760696844,5.068441037512522,2.8200777137734168,4.388846225371568,5.585105737617251,5.147866720327281,8.95877910784159,7.462874225979609,5.476480666471603,6.819483456930262,3.0206780681397163,2.5811001781219702,4.725850252932187,9.268487213733811,8.512841102305595,2.6804756319378513,4.5272809209531335,6.169824260175469,5.493034993454373,6.259194852647182,2.328959259149999,4.858282037306899,6.5884861225937605,7.311305582986623,2.9122256498955066,6.144322198187275,9.514836973319845,5.851005054101454,4.845751822838967,5.52468338840519,3.407323883549398,4.9961257366586995,5.403991491127394,4.632214722802056,9.100091746562923,1.1249472196556445,7.500883508991328,5.406811346804675,6.852740546775312,9.035885146086615,5.0542122058010985,5.6130349229822665,7.233230775847419,6.147786764082152,4.317498115663003,7.229226770931398,8.235052729586155,8.886571819106495,8.481135726174722
42046919,2.22701106576837,1.056143195263757,4.94765618271921,0.0,5.560044743039431,6.2954988437722985,5.936705828822777,2.65252917513612,7.663683971041414,0.7922574649142363,5.32478284450197,5.807772963368863,3.7701062897173747,4.174562636369327,5.10195905130984,5.044016036801043,4.0245147330627,4.555523073438844,0.3912203037016737,6.797400733463264,6.74167330731386,3.1814687691874317,1.1168437282556969,5.313580568802619,5.064084165163992,3.6384742553419067,6.225189106194839,7.175631185516643,1.879390621752411,5.4257498615474455,6.566616407835261,2.141823803023489,2.948535157065119,6.921120696508215,3.247427662268217,3.0639185719381494,3.8607435259529375,3.45471832757871,4.931213154688469,6.528349891420192,4.951659029260185,2.859051557336131,6.482410981965237,3.5256725700227465,5.301204612743603,4.8639655954536325,5.925003688250516,4.02273829904843,4.25929728888045,3.4410801185768594,6.462705246029149,6.165740605076142,0.2516604123633793,6.331760973023519,5.576114861595301,3.857195553992276,3.648214507182434,1.310450392383144,1.665062438479257,5.688659740205715,3.5056791812044237,3.409924797199286,3.1592230259806797,4.101224201815047,6.884021458600077,5.753852469007544,6.580197317589267,4.411427933089054,2.6363623426625757,4.08510626739279,7.379119692253969,3.131308491261339,5.841668386394701,3.4882068245135827,5.659955819631745,5.294769817432464,5.536124471030416,3.213216628714691,4.887981508814399,6.101245490356039,4.685553077828819,4.9642310603984905,5.793653654835019,5.539357558783693,4.013388928125579,5.028576937476456,7.687733820073214,6.685921985651554,7.229220493215779
6817239796,5.479409332727851,6.208500997910903,1.6093325232834177,5.560044743039433,0.0,1.82947783778083,7.888017483562777,5.458512453546324,4.912911764629604,6.268691530276899,1.9864591850661775,2.805959716257483,4.7644161124291955,5.314292560053631,4.583002695233939,7.517807227224208,5.007842405768641,6.607488754771465,5.951265046741107,8.815899928023091,1.1816285642744286,5.737186111435476,6.212015418860833,7.365546250135241,7.1160498464966135,5.094335852293954,2.961909650021774,8.302597196884564,6.288324764931298,8.00289745982858,9.048901390606401,5.533788717760265,5.7545184354753225,2.0688567816614163,7.289079319201518,5.869901850348353,5.352198500043858,5.656138028136814,7.1413727035604735,0.968305148380761,2.2278535495248333,5.680829597832742,2.0163899759737682,5.001234785691789,6.197494297937474,5.760255280647503,9.57116766816181,8.075262786299827,6.088869226791824,7.431872017250482,2.901640159018962,2.2549060925404687,5.338238813252406,9.880875774054031,9.125229662625815,3.2928641922580724,5.139669481273355,6.782212820495691,6.105423553774594,6.8715834129674045,2.94134781947022,5.47067059762712,7.20087468291398,7.923694143306844,2.105956019569555,6.756710758507498,10.127225533640065,6.463393614421675,5.458140383159186,6.137071948725412,2.3031706303345336,5.608514296978921,6.0836098107011916,5.244603283122277,9.712480306883142,1.956446157996672,8.11327206931155,6.019199907124896,7.4651291070955335,9.648273706406835,5.666600766121321,6.225423483302489,7.8456193361676405,6.760175324402375,4.929886675983226,7.841615331251619,8.847441289906376,9.498960379426714,9.093524286494944
42067672,6.12594318836098,6.943955098643768,2.633165575580478,6.295498843772298,1.8294778377808296,0.0,8.39417328383205,6.1050463091794525,3.9253680679647713,7.004145631009764,2.203481860665274,1.3017988869619874,5.410949968062325,5.9608264156867605,4.692132645797979,8.164341082857337,5.6543762614017705,7.254022610404594,6.686719147473972,9.32205572829236,1.9084481947050866,6.383719967068606,6.947469519593698,8.01208010576837,7.762583702129743,5.740869707927083,1.4418943527536952,8.90885472774014,6.934858620564427,8.649431315461708,9.55505719087567,6.1803225733933935,6.401052291108451,0.6256218527359174,7.935613174834646,6.516435705981482,5.998732355676988,6.302671883769944,7.787906559193603,1.7261734860165727,1.3438398145121124,6.32736345346587,0.1869121381929383,5.647768641324919,6.431130139282343,6.406789136280633,10.077323468431079,8.721796641932956,6.735403082424954,8.07840587288361,1.2548112692757298,0.6080772027972361,6.073692913985271,10.52740962968716,9.771763518258943,3.9458307467820943,5.7862033369064845,7.517666921228556,6.751957409407723,7.302921402812469,3.58788167510335,6.11720445326025,7.847408538547109,8.570227998939973,0.588522614827779,7.188048748352562,10.633381333909334,7.109927470054805,6.104674238792315,6.783605804358541,1.0836208484816705,6.2550481526120505,5.191665825455276,5.891137138755407,10.35901416251627,1.5859111971624833,8.75980592494468,6.665733762758024,8.111662962728662,10.154429506676104,6.31313462175445,6.805798242947548,8.417357749027682,7.2663311246716455,5.576420531616355,8.488149186884746,9.41470738596117,10.145494235059843,9.599680086764213
42005887,3.978423884759587,6.7344334720209735,7.275628923242551,5.936705828822778,7.8880174835627725,8.394173283832046,0.0,3.2841766536866577,8.57563257940789,5.521833910787286,7.652755585025311,7.626315447418448,4.854898900119659,2.582780996309517,5.59844697750293,2.5253113949810606,3.2803761355822383,2.1364050134237527,5.7378293065121175,3.4156246092401084,9.069646047837201,2.755237059635346,5.15265681602989,1.9078346806043167,1.6562552423725492,2.9029896075720907,7.9799810421574415,2.956636648430407,4.844178682717901,2.300525431192799,3.6486260718234207,4.34508882476283,2.988170671757659,9.019795136567964,4.007706917694064,3.893436969860511,2.8431628718830666,2.9357993869147396,1.6836611340295493,8.856322631943534,7.096867098133415,3.70167839678854,8.581085422024984,5.510324086001919,4.285544142245592,3.848305124955621,4.170892349378827,4.891304689330282,2.3672579694255793,3.764810874296079,8.217497181991751,8.180214056627824,6.183287336037143,4.178503745418253,3.422857633990036,5.435262428212855,2.8932412408147496,5.560740521413347,4.60443810580633,2.9493132831210467,4.946669664092553,3.0035936141370345,4.66468168483596,4.109049257552646,8.982695898659825,3.064185937580953,4.72695021485708,1.5252778957337236,3.4789891821149848,1.8515995614299878,9.477794132313717,2.883908874091902,4.261106279313453,2.7527221767437666,4.229084093334056,7.481551729848522,2.7593877325196674,2.906357451133858,2.1112447703036503,4.247998387623852,3.2530976196320447,2.659231447712228,0.3789725036680399,1.1278421591604018,2.9581308075795496,2.9233357844437795,3.508276266908916,4.580680832618878,3.6932489677119635
42033003,0.6942472310729291,3.4502568183343145,4.8461238932261015,2.6525291751361197,5.458512453546323,6.105046309179456,3.2841766536866572,0.0,7.473231436448572,2.237657257100627,5.223250555008861,5.617320428776021,1.849761751059644,1.522033461233206,3.174541214124214,2.398541977029881,1.3719855579265798,1.9029938983027235,2.4536526528254585,4.4631263069772364,6.640141017820752,0.5289395940513115,1.8684801623432319,2.661051393666499,2.4115549900278714,0.9859450802057864,6.034736571601997,4.523102010380523,1.5600020290312422,2.7802758017762823,4.696127769560548,1.0609121710761718,0.29600598192899863,6.730668161915372,2.025751464470659,0.6092603161738536,1.208214350816817,0.8021891524425893,2.2857390949173064,6.426817601927084,4.761206494667342,0.4175017431018821,6.291958447372394,2.5051869369419038,2.9803724773231117,2.5431334600331414,4.714200320771054,2.8119349315689686,1.6067681137443297,1.9733595637041574,6.272252711436307,5.975288070483299,2.8991106823504835,4.6582541160017366,3.902608004573519,3.0057573981964048,0.9956853320463136,2.276563867726687,1.3202614521196718,3.036130565069594,2.5171646340761042,0.7573956220631654,1.9375468281831216,2.4651816897605205,6.693568924007234,3.1013232938714217,5.369393950109805,1.7588987579529336,0.1948125284283269,1.4325770922566696,7.1886671576611265,0.47877931612521824,3.38735942729981,0.8356776493774623,4.4491524521522825,5.159618651081383,2.8906504112592533,0.5606874535785709,2.242507449043236,4.890442122876577,2.0330239026926975,2.31170188526237,3.1411244796988993,2.886828383647572,1.6890654296290657,2.383102877705293,5.035204644937093,4.040447925880391,4.583746433444616
3008694025,7.494128315630097,8.312140225912884,4.233293445055806,7.663683971041415,4.912911764629603,3.92536806796477,8.57563257940789,7.47323143644857,0.0,8.372330758278881,3.7259168889029537,2.843013750794627,6.779135095331443,6.1832567668740275,5.80527767394729,8.855888844771936,6.759432661261523,7.945570372319194,8.05490427474309,9.503515023868204,5.465582964012452,7.358790906329983,8.315654646862816,8.290305353308622,7.9483361171456925,6.760579955666862,3.1798916869207483,9.090314023315983,8.303043747833543,8.933986147920505,9.736516486451514,7.548507700662511,7.415131909017725,4.550989920700687,9.303798302103766,7.884620833250599,6.493671376577429,7.27774282303132,8.066131806733855,5.283308255323937,2.7236615936850552,7.695548580734989,4.017808809046156,7.015953768594035,6.612589434858185,6.670008384103426,10.258782764006922,10.089981769202074,7.079727776827119,9.204429693712973,3.4341954853679306,3.396912360004004,7.441878041254389,10.811964462145957,10.05631835071774,5.314015874051211,6.706200395347932,8.88585204849767,8.12014253667684,7.4843806983883105,4.956066802372468,7.109305992135967,9.215593665816227,9.548668076969538,4.513890682792549,7.369508043928404,10.814840629485177,7.388152717595056,7.472859366061433,7.061831051898793,5.008988916446441,7.230119091873427,5.3731251210311175,6.866208078016784,10.862544810061761,3.108346225400162,9.392848449247372,7.934434056247407,8.744705487031355,10.335888802251947,6.903606124326407,6.98725753852339,8.598817044603521,7.447790420247488,6.180103046020118,9.186090293875173,9.596166681537012,10.84343534205027,9.781139382340056
42045886,1.9814877488606877,1.2975925379093327,5.656302969956676,0.7922574649142364,6.2686915302768975,7.004145631009764,5.521833910787285,2.237657257100627,8.37233075827888,0.0,6.033429631739436,6.516419750606329,3.0524782630788443,3.7596907183338324,4.687087133274348,4.62914411876555,3.6096428150272066,4.140651155403351,0.4010371612125626,6.693728448712907,7.450320094551326,2.7665968511519385,1.4938945251264095,4.898708650767127,4.6492122471285,3.223602337306413,6.933835893432305,6.76075926748115,1.5214732905039652,5.010877943511953,6.926729911296219,1.7269518849879961,2.5336632390296256,7.62976748374568,3.6244784591389294,2.6490466539026563,3.445871607917444,3.0398464095432165,4.516341236652976,7.2369966786576585,5.66030581649765,2.4441796393006383,7.191057769202702,2.73341510510851,4.886332694708109,4.449093677418139,6.302054485121229,4.399789095919143,3.8444253708449567,3.818130915447572,7.171352033266615,6.874387392313607,1.0296404490542612,6.708811769894232,5.953165658466014,4.173425296423793,3.2333425891469405,0.5181929274689077,2.0421132353499694,5.273787822170222,4.024632173530461,2.9950528791637923,3.5362738228513924,4.478274998685759,7.592668245837542,5.338980550972051,6.957248114459979,3.9965560150535615,2.221490424627083,3.670234349357297,8.087766479491433,2.7164365732258453,5.426796468359208,3.073334906478089,6.037006616502458,6.003416604669931,5.121252552994923,2.7983447106791974,4.473109590778907,6.478296287226751,4.270681159793324,4.549359142362998,5.378781736799528,5.1244856407482,3.5985170100900863,4.613705019440964,7.272861902037722,6.271050067616061,6.814348575180286
42061273,5.244147434190389,5.973239099373442,1.1549602467251496,5.324782844501972,1.9864591850661772,2.2034818606652746,7.652755585025314,5.223250555008862,3.7259168889029537,6.0334296317394385,0.0,1.7157559802618392,4.529154213891734,5.079030661516169,4.332113129138594,7.282545328686746,4.772580507231179,6.372226856234003,5.716003148203646,8.58063802948563,3.1680877493406054,5.501924212898015,5.976753520323372,7.130284351597779,6.880787947959152,4.859073953756492,2.2757853721525536,8.067335298347103,6.053062866393836,7.767635561291117,8.81363949206894,5.298526819222803,5.519256536937861,2.829103713401192,7.053817420664057,5.634639951810891,5.116936601506397,5.420876129599352,6.906110805023012,2.9547643334469376,1.0159828199168315,5.445567699295281,2.390393998858213,4.765972887154328,5.962232399400012,5.524993382110042,9.335905769624349,7.8400008877623675,5.853607328254363,7.1966101187130205,2.513301511986863,2.0737236219691173,5.1029769147149455,9.645613875516569,8.889967764088352,3.057602293720611,4.904407582735893,6.54695092195823,5.870161655237132,6.636321514429943,2.706085920932759,5.235408699089659,6.965612784376519,7.688432244769382,2.7920044754930533,6.521448859970036,9.891963635102604,6.2281317158842135,5.2228784846217255,5.90181005018795,3.2871027091469447,5.373252398441459,4.896614934974542,5.009341384584816,9.477218408345681,0.6175706635027913,7.878010170774087,5.783938008587434,7.229867208558071,9.413011807869374,5.431338867583859,5.990161584765027,7.61035743763018,6.524913425864913,4.694624777445764,7.606353432714157,8.612179391368915,9.263698480889254,8.858262387957483
42062582,5.638217307957545,6.456229218240332,2.223132536414692,5.807772963368862,2.8059597162574823,1.3017988869619872,7.626315447418449,5.617320428776018,2.8430137507946274,6.516419750606328,1.715755980261839,0.0,4.923224087658889,5.233939634884586,4.204406765394543,7.6766152024539025,5.166650380998336,6.76629673000116,6.198993267070536,8.554197891878763,3.2102470816670743,5.895994086665171,6.459743639190262,7.34098822131918,6.999018985156251,5.253143827523648,1.188489152810938,8.140996891326541,6.447132740160992,7.984669015931062,8.787199354462073,5.692596692989959,5.913326410705016,1.9274207396979046,7.447887294431212,6.028709825578047,5.511006475273553,5.814946003366509,7.116814674744413,3.02797237297856,0.8561139341086769,5.8396375730624355,1.4887110251549256,5.160042760921483,5.6632723028687435,5.720691252113984,9.309465632017481,8.234070761529521,6.130410644837678,7.590679992480176,1.1664507195088945,1.1291675941449675,5.585967033581836,9.862647330156515,9.107001218728298,3.4581048663786587,5.29847745650305,7.02994104082512,6.264231529004288,6.535063566398868,3.1001557946999143,5.629478572856815,7.359682658143674,8.082502118536539,1.8903215017897663,6.4201909119389615,9.865523497495737,6.438835585605615,5.61694835838888,6.112513919909351,2.3854197354436577,5.767322272208616,4.4238079890416735,5.403411258351972,9.871288282112836,1.0981853167590478,8.272080044541244,6.178007882354589,7.623937082325227,9.386571670262507,5.825408741351016,6.037940406533949,7.649499912614081,6.4984732882580465,5.08869465121292,8.000423306481313,8.646849549547571,9.657768354656408,8.831822250350616
6742636524,1.8686637114090507,4.17547986304688,4.152027552108974,3.7701062897173756,4.764416112429195,5.410949968062327,4.854898900119661,1.8497617510596442,6.7791350953314415,3.0524782630788443,4.529154213891735,4.923224087658892,0.0,2.2847365817143293,2.8216574690365848,4.248303728089525,1.963139646249664,3.5627859952524883,3.453515424291407,5.782781344579976,5.9460446767036235,2.3787013451109558,3.0428966426793536,4.320843490616264,4.071347086977636,2.0496330927749775,5.340640230484868,5.273041218545265,2.677579143612498,4.630037552835926,6.015782807163288,1.7142828981034315,2.145767732988643,6.036571820798243,3.6791284887403295,2.2611511478616735,2.307495740524882,2.611435268617839,4.096669944041496,5.732721260809956,4.067110153550213,2.0708787673715525,5.597862106255265,1.7626121156196872,3.184583777158135,2.747344759868164,6.367577345040726,4.465311955838639,3.0441664672728477,3.8231213147638017,5.578156370319178,5.28119172936617,4.021766702080755,6.508015867061381,5.752369755633164,2.1358641704770416,2.094966721754379,2.9442034588185297,2.4946779324557937,3.8420274346281,1.8230682929589752,2.425967838108145,3.5909238524527924,4.314943440820164,5.999472582890105,3.7271547801681937,7.022770974379476,3.4186908549026986,1.8481895526979972,3.092369189206434,6.494570816543997,2.3285410671848625,3.7250475508092324,2.1999005236033016,6.102529476421954,4.465522309964253,4.740412162318896,2.4104492046382147,4.09226920010288,6.543819147146248,2.6334821826782058,3.195867504963187,4.800916576648664,3.727056740959259,1.8967680925401107,4.232864628764936,5.817885311567072,5.890209676940033,6.060405703051831
42029821,2.2162806923061353,4.972290279567521,4.701903999733407,4.174562636369326,5.314292560053628,5.9608264156867605,2.5827809963095167,1.5220334612332063,6.1832567668740275,3.7596907183338324,5.079030661516167,5.233939634884586,2.2847365817143293,0.0,3.024722053993785,2.8630372616735653,0.9577222358870874,1.952718789220823,3.975686114058665,3.5106634407698305,6.495921124328057,1.178938640168943,3.3905136235764384,2.29745377021025,1.9554845340473193,0.5807276895058229,5.58760522962358,3.0974624402176096,3.0820354902644485,2.9411345648221303,3.743664903353143,2.5542942240238884,1.2352796428566848,6.586448268422677,3.4544741540125856,2.13129377740706,0.313819110416389,1.097890556870281,2.0732802236354826,6.282597708434389,4.616986601174647,1.9395352043350886,6.147738553879699,2.940161767596589,1.7027631459360748,1.265524128646104,4.265931180908549,4.333968392802175,1.0868761937287472,3.2115781106146004,5.825121369457889,5.787838244093962,4.421144143583691,4.819112879047585,4.063466767619367,2.8615375047037097,0.5263481291868926,3.7985973289598927,2.842294913352878,1.7188346352322421,2.3729447405834088,0.9294537259749279,3.4595802894163286,3.5558164938711667,6.549349030514539,1.78402736403407,4.821989046386802,1.3953011344966848,1.7168459896615333,1.0689794688004208,7.044447264168431,1.0502668257123875,1.8687304667795919,0.6863558118557439,4.869693226963388,5.015398757588687,3.3999968661489985,1.9415824731490356,2.7518539039329815,4.343037219153574,0.7237538581653669,0.9944059554250178,2.605965461505148,1.454938837149115,0.42350572927716695,3.1932387107768005,3.603315098438638,4.850583758951899,3.7882877992416857
42047060,3.200516473001516,5.861513823331888,3.9706141349137187,5.10195905130984,4.583002695233938,4.692132645797979,5.598446977502931,3.1745412141242153,5.805277673947289,4.687087133274347,4.332113129138595,4.204406765394544,2.8216574690365848,3.0247220539937856,0.0,5.228236721164363,2.7182718997087956,4.31791824871162,4.903082528999179,6.526329421963244,5.764631259508367,3.447615605375633,4.374749404271819,5.0759757440753965,4.826479340436769,2.8047653462341096,4.621822908220521,6.01302669082472,4.009431905204963,5.713326953768734,6.759330884546556,3.254895858033931,3.470547196053214,5.317754498533895,5.005108079779409,3.5859306109262445,3.062627993984014,3.366567522076971,4.851802197500629,5.551307843614699,3.348292831285866,3.3968583584106327,4.879044783990917,3.626319205731651,3.9079237918776286,3.4706847745876583,7.281597162101962,5.791291546877719,3.79929872073198,5.147900777828373,4.8593390480548315,4.562374407101822,4.991251638673392,7.591305267994189,6.8356591565659715,2.861175503502272,2.850098975213511,4.683967277651411,3.826530694048259,4.582012906907558,2.503001564694476,3.181100091567277,4.916903443491871,5.639722903884735,5.280655260625757,4.467140252447651,7.837655027580215,4.173823108361831,3.1741691437370774,3.8475014426655667,5.775753494279649,3.3189437909190773,3.93528004493121,2.9550327770624336,7.428509067461034,3.7467049876999066,5.823701563251704,3.7352286677027857,5.1755586010356875,7.358703200346987,3.377030260061476,3.9358529772426434,5.556048830107796,4.470604818342529,2.640316169923381,5.557644091829508,6.557870783846529,7.214989140004606,6.8039537804351
42012414,3.081263508503622,5.84174367999924,6.905418666903983,5.044016036801045,7.517807227224204,8.164341082857337,2.5253113949810606,2.398541977029881,8.85588884477194,4.629144118765551,7.2825453286867425,7.676615202453902,4.2483037280895255,2.8630372616735658,5.228236721164362,0.0,2.8095118526510463,1.3267266119120493,4.845139514490384,2.7849314692566844,8.699435791498633,1.9394033975308935,4.255496439773926,1.8089053053667425,1.6901424613677365,2.4321253246408987,8.094031345279877,3.6719816712176794,3.9514888906961674,1.1020809640557296,3.017932931839997,3.452399032741097,2.1723370096532064,8.789962935593255,2.9482147357875435,3.007802293203734,2.634905976654061,2.3914850483048204,0.9571468712389624,8.486112375604966,6.820501268345223,2.802512270881144,8.351253221050275,4.903728913971785,4.417898772047578,3.9806597547576077,3.0628902398251996,3.777789729399837,2.3097162008687366,2.7053186923895582,8.331547485114186,8.034582844161179,5.286126959781177,2.980059278281184,2.2244131668529668,5.065052171874287,2.4223769578835577,4.668050729391613,3.707277729550365,3.5797661510413246,4.576459407753985,2.353704198529796,3.6051895029294396,3.049557075646124,8.752863697685116,3.6449588798431525,3.7180838691639506,1.5196293500903089,2.5798230562075886,1.845951015786573,9.247961931339008,2.0680752119874493,4.541362544677502,2.2818578938125746,3.0306396261969875,7.218913424759263,1.2124555735387008,2.090523789029406,0.5643126113226837,3.2391320419307226,3.459715528529941,2.8553374712341,2.3822592209933027,1.8612276781065498,3.126591724353532,1.668804162257492,4.222157431004033,3.3261492104325896,2.905551595724063
1505263383,2.0662327889995087,4.822242376260895,4.395453845448419,4.024514733062699,5.007842405768639,5.654376261401771,3.2803761355822383,1.3719855579265798,6.759432661261522,3.6096428150272066,4.772580507231178,5.166650380998337,1.9631396462496638,0.9577222358870872,2.7182718997087965,2.8095118526510467,0.0,1.8991933801983043,3.8256382107520386,4.414948441814079,6.189470970043068,1.0288907368623166,3.2404657202698117,2.65725087556208,2.4077544719234525,0.3860404777207935,5.584066523824313,3.992900028903119,2.9319875869578222,3.294602085255419,4.647949904397391,2.2326972885592227,1.0852317395500584,6.279998114137688,3.3529766607440536,1.9812458741004333,0.6439031254706982,0.9478426535636546,2.4330773289873124,5.9761475541494,4.310536446889658,1.789487301028462,5.84128839959471,2.6185648321319235,1.9079339505920117,1.4706949333020412,5.170216181952797,4.183920489495549,1.3805738522186641,3.1100806173460684,5.8215826636586225,5.5246180227056145,4.271096240277064,5.172580399480873,4.416934288052656,2.555087350418721,0.4313741067001947,3.648549425653267,2.6922470100462514,2.530727769391186,2.0664945862984196,0.7623752230539609,3.3095323861097024,3.4543190006026347,6.24289887622955,2.447013590526049,5.72627404743105,1.7550982398485147,1.5667980863549067,1.4287765741522505,6.737997109883442,0.9002189224057611,2.444906361167088,0.5363079085491176,5.223160747396677,4.708948603303698,3.40497669473839,1.8400849798805037,2.756833732522373,5.247322220197822,1.353340993036061,1.8062990895839621,3.1373239615944803,2.3592238381933632,0.6166269028979658,3.1397133017542815,4.507600099482886,4.7970583499293795,4.692572800285935
4356340046,2.5972411293756528,5.353250716637039,5.995100194451241,4.555523073438843,6.607488754771462,7.254022610404595,2.1364050134237527,1.9029938983027233,7.945570372319196,4.14065115540335,6.3722268562340005,6.76629673000116,3.562785995252488,1.9527187892208226,4.31791824871162,1.3267266119120489,1.899193380198304,0.0,4.356646551128183,3.4946673497173766,7.789117319045891,1.3740543042514117,3.771474060645956,1.446315531032563,1.3012360798104285,1.5218068521881567,7.183712872827136,4.020110765166257,3.462995927333966,1.8118168445164213,3.7276688123006885,2.9639060693788957,1.6069879163737246,7.879644463140512,2.741299194265569,2.5122542144765765,1.7245875042013186,1.5546166315308054,0.9641099494046562,7.575793903152223,5.9101827958924815,2.3204956414046056,7.440934748597534,4.218211181134747,3.507580299594836,3.0703412823048657,3.7726261202858913,3.6248969659017853,1.3993977284159937,2.498403150867584,7.4212290126614455,7.124264371708438,4.802104580653209,3.689795158741876,2.9341490473136584,4.154733699421545,1.512058485430815,4.179557766029411,3.2232553504223955,2.6694476785885817,3.6661409353012435,1.6224108587531003,3.3982739614074657,2.84264153412415,7.8425452252323735,2.7346404073904096,4.427819749624642,0.8605628738398658,2.0978064267310503,1.0658942057756575,8.337643458886264,1.5027261187079672,3.6310440722247592,1.3715394213598326,3.7403755066576787,6.308594952306522,1.9221914539993925,1.525174695749924,1.2740484917833752,3.9488679223914143,2.549397056077199,1.9450189987813575,1.9933528394359945,2.1913162758962517,2.21627325190079,1.6569280610152846,4.571750383644764,3.314273109190382,3.6152874761847547
42046301,2.140528557798472,0.996604165508856,5.338876486420883,0.3912203037016737,5.951265046741105,6.686719147473972,5.737829306512115,2.4536526528254585,8.054904274743087,0.4010371612125626,5.716003148203643,6.198993267070537,3.4535154242914072,3.9756861140586643,4.903082528999178,4.8451395144903815,3.8256382107520386,4.356646551128182,0.0,6.909723844437739,7.132893611015533,2.98259224687677,1.3284132693536155,5.1147040464919575,4.86520764285333,3.439597733031245,6.616409409896513,6.9767546632059805,1.6805140994417496,5.226873339236784,6.778185948933181,1.9429472807128274,2.749658634754457,7.312341000209888,3.4589972033661356,2.8650420496274878,3.661867003642276,3.2558418052680485,4.732336632377808,6.9195701951218656,5.342879332961858,2.66017503502547,6.87363128566691,3.1344522663210728,5.10232809043294,4.66508907314297,6.136573229348436,4.234307840146349,4.060420766569789,3.652649659674778,6.853925549730823,6.556960908777815,0.6286032878416985,6.543330514121438,5.787684402693221,4.248415857693948,3.4493379848717725,0.9192300886814703,1.8766319795771755,5.489783217895053,3.896899484906097,3.211048274888624,3.3707925670785985,4.312793742912965,7.27524176230175,5.5549759466968816,6.791766858687186,4.212551410778392,2.4374858203519145,3.8862297450821286,7.770339995955642,2.9324319689506773,5.642791864084039,3.289330302202921,5.871525360729664,5.685990121134138,5.337247948719754,3.0143401064040294,4.689104986503738,6.312815031453958,4.486676555518156,4.765354538087829,5.594777132524358,5.340481036473031,3.8145124058149174,4.829700415165794,7.488857297762552,6.487045463340891,7.030343970905118
41995251,5.14584783845098,7.853543928727022,8.203511367702866,6.797400733463264,8.81589992802309,9.322055728292362,3.4156246092401084,4.463126306977238,9.503515023868205,6.693728448712909,8.580638029485627,8.55419789187876,5.782781344579975,3.510663440769832,6.526329421963246,2.784931469256685,4.4149484418140785,3.494667349717377,6.909723844437741,0.0,9.99752849229752,4.00398772747825,5.680557005207568,4.070985590754682,3.9259061395325485,4.037953895432814,8.907863486617755,3.956805433449334,6.016073220643524,1.682850505200955,0.35013076765734286,5.516983362688453,4.236921339600563,9.94767758102828,4.61379505490199,5.072386623151092,3.7710453163433812,4.4560693782521765,3.5887800091267756,9.784205076403852,8.02474954259373,4.867096600828501,9.5089678664853,6.438206530462235,5.213426586705905,4.776187569415935,0.8723970452127493,2.7746624344148345,3.7100275052952,4.3708990115040045,9.145379626452062,9.108096501088136,6.775253118972449,1.559093369905039,1.7108741181849823,6.363144872673171,3.9835743351138846,6.732635059338969,5.432647497940014,4.311542571979767,5.874552108552869,4.386679931901919,4.380168823866512,4.097330750639047,9.910578343120141,4.376735300781595,1.4284549106910027,3.7553930282551202,4.6444073861549455,3.692130780366874,10.405676576774033,4.132659541934805,5.188988723773768,4.143582017782736,2.0275123312119843,8.409434174308837,2.8687618201500182,4.155108118976762,2.220618857934001,0.9495030834577749,4.180980064092359,3.587113892172543,3.43880907443574,2.2998051286680887,3.8860132520398643,3.733388492204848,2.577426532030249,3.660252680983663,0.8546500442335788
42072001,6.661037897002278,7.390129562185332,2.4577776056236806,6.741673307313862,1.1816285642744286,1.9084481947050869,9.069646047837205,6.640141017820751,5.465582964012451,7.450320094551328,3.1680877493406054,3.210247081667074,5.946044676703624,6.495921124328059,5.764631259508369,8.699435791498635,6.189470970043069,7.789117319045893,7.132893611015536,9.99752849229752,0.0,6.918814675709904,7.393643983135262,8.547174814409669,8.297678410771042,6.275964416568382,3.040880006946031,9.484225761158994,7.469953329205725,9.184526024103006,10.23052995488083,6.715417282034692,6.93614699974975,1.2828263419691694,8.470707883475946,7.05153041462278,6.533827064318286,6.837766592411242,8.3230012678349,0.5783246957576849,2.780524748907681,6.86245816210717,2.095360332898025,6.182863349966216,7.379122862211902,6.941883844921931,10.752796232436237,9.256891350574255,7.270497791066252,8.61350058152491,3.077094172927249,2.5165253975023227,6.519867377526836,11.062504338328457,10.306858226900241,4.4744927565324994,6.321298045547783,7.96384138477012,7.28705211804902,8.053211977241832,4.122976383744649,6.652299161901548,8.382503247188406,9.105322707581273,1.3199255798773077,7.938339322781926,11.308854097914493,7.645022178696103,6.639768947433614,7.31870051299984,1.697900852582069,6.790142861253349,6.63628101008404,6.426231847396705,10.89410887115757,3.0194982533985426,9.294900633585977,7.200828471399323,8.64675767136996,10.829902270681263,6.848229330395749,7.407052047576917,9.02724790044207,7.9418038886768025,6.111515240257654,9.023243895526045,10.029069854180804,10.680588943701142,10.275152850769372
6764373500,1.2231868251242406,3.979196412385626,5.124797551115253,3.1814687691874317,5.7371861114354745,6.383719967068608,2.7552370596353457,0.5289395940513115,7.358790906329983,2.766596851151938,5.501924212898013,5.895994086665172,2.3787013451109558,1.178938640168943,3.447615605375633,1.939403397530893,1.0288907368623166,1.3740543042514117,2.9825922468767705,4.003987727478249,6.918814675709903,0.0,2.3974197563945436,2.132111799615187,1.8826153959765597,0.6428502591415233,6.313410229491148,3.994162416329211,2.0889416230825537,2.321137222277294,4.236989190061561,1.5898517651274828,0.2329336121223129,7.009341819804524,2.3240859238817375,1.1381999102251652,0.865119529752554,0.45208165077392665,1.8266005154183182,6.7054912598162355,5.039880152556494,0.9464413371531936,6.570632105261546,3.0341265309932157,2.6372776562588482,2.200038638968878,4.281946498046764,3.2076836955179537,1.2371410208456943,2.0811898804837523,6.550926369325458,6.253961728372451,3.4280502764017955,4.199115536502749,3.443469425074531,3.2844310560855576,0.6525905109820505,2.8055034617779984,1.8492010461709834,2.5071909710182823,2.7958382919652567,0.4143008009989021,2.4664864222344334,2.4254282637403186,6.972242581896386,2.57238369982011,4.937140127385515,1.229959163901622,0.7237521224796384,0.9036374982053581,7.467340815550278,0.1286718144565555,3.0442646062355467,0.4925828283131991,4.249695884418552,5.438292308970534,2.431511831760265,0.8111942430181871,1.7833688695442482,4.458188300152287,1.6899290816284345,1.7827622912110581,2.6121848856475878,2.3578887895962604,1.3459706085648027,2.1662484387761576,4.506265050885783,3.823593486951255,4.124607853945627
42039857,1.1742329312703028,2.1729869235194545,5.59962685854061,1.116843728255697,6.212015418860831,6.947469519593698,5.152656816029889,1.8684801623432317,8.315654646862814,1.4938945251264095,5.97675352032337,6.459743639190262,3.0428966426793536,3.390513623576437,4.374749404271819,4.255496439773924,3.2404657202698113,3.771474060645956,1.3284132693536155,5.680557005207567,7.39364398313526,2.397419756394543,0.0,4.529531556009732,4.280035152371104,2.8544252425490177,6.877159782016238,6.391582172723754,1.6390311784969116,4.637230264520325,5.4497726795795645,2.14276627948635,2.1644861442722303,7.573091372329614,2.1305839340125203,2.279869559145261,3.0766945131600485,2.670669314785821,4.142693557661349,7.180320567241592,5.603629705081584,2.0696116895293386,7.134381657786636,3.6983218285616135,4.573994965705582,4.136755948415611,4.8081599599948195,2.905894570792734,3.4752482760875614,2.3242363903211625,7.114675921850548,6.817711280897541,1.0946961137648819,5.214917244767823,4.459271133339605,4.200887208648234,2.864165494389545,2.0120874525953174,0.5482187102235601,4.904610727412827,3.7122944445279322,2.625875784406397,2.0423792977249824,2.9843804735593498,7.535992134421476,4.969803456214656,5.46335358933357,3.627378920296166,1.847842745635456,3.3010572545999017,8.031090368075368,2.34725947846845,5.114458739356679,2.7041578117206937,4.543112091376049,5.946740493253865,4.7476048740032954,2.429167615921802,4.099461911787279,4.984401762100342,3.9015040650359287,4.180182047605602,5.009604642042131,4.755308545990804,3.286179281087558,4.240057340449336,6.9036848072803245,5.761410301324267,6.418077744367115
42013137,3.355298624739428,6.111308212000814,6.7531576898150165,5.313580568802619,7.365546250135238,8.01208010576837,1.9078346806043167,2.6610513936664986,8.290305353308623,4.8987086507671265,7.130284351597776,7.340988221319182,4.320843490616263,2.2974537702102498,5.075975744075396,1.8089053053667423,2.6572508755620796,1.4463155310325628,5.114704046491958,4.070985590754681,8.547174814409665,2.132111799615187,4.529531556009731,0.0,1.0726657469909926,2.279864347551932,7.694653816058175,3.791540432346821,4.221053422697741,2.3881350855537264,4.303987053337993,3.721963564742671,2.3650454117375,8.637701958504287,3.3176174353028745,3.270311709840352,2.4826449995650943,2.312674126894581,0.9935716516383597,8.333851398516,6.668240291256256,3.078553136768381,8.198992243961307,4.976268676498523,4.000216916146324,3.562977898856354,4.348944361323195,4.201215206939092,1.7441327094054209,3.0747213919048892,7.932169955892485,7.882321867072213,5.560162076016983,4.266113399779181,3.5104672883509633,4.91279119478532,2.270115980794591,4.937615261393187,3.981312845786171,3.014182659578009,4.424198430665019,2.380468354116876,3.974592202444771,3.4189597751614555,8.600602720596148,3.079375388379837,5.004137990661945,0.9021526357135651,2.8558639220948256,1.2284743014098292,9.09570095425004,2.2607836140717428,3.9757790532141866,2.129596916723608,4.316693747694984,7.066652447670297,2.4985096950366974,2.2832321911137,1.8503667328206805,4.525186163428717,2.967770393532777,2.289753979770785,1.7647825066165586,1.9627459430768153,2.672803581480282,2.23324630205259,4.343180050825329,3.8905913502276874,4.1916057172220595
42016374,3.105802221100801,5.861811808362187,6.503661286176389,5.064084165163992,7.116049846496611,7.762583702129743,1.6562552423725494,2.4115549900278714,7.948336117145692,4.6492122471284985,6.880787947959149,6.99901898515625,4.071347086977636,1.9554845340473193,4.826479340436768,1.6901424613677363,2.407754471923452,1.3012360798104288,4.865207642853331,3.9259061395325467,8.29767841077104,1.88261539597656,4.280035152371104,1.0726657469909928,0.0,2.030367943913305,7.352684579895244,3.539960994115053,3.971557019059114,2.243055634331592,4.158907602115859,3.472467161104044,2.115549008098873,8.388205554865662,3.17253798408074,3.0208153062017247,2.215866409620869,2.063177723255954,0.8484922004162253,8.084354994877371,6.418743887617629,2.829056733129754,7.949495840322681,4.726772272859895,3.6582476799833934,3.221008662693423,4.203864910101062,4.056135755716957,1.4021634732424904,2.929641940682755,7.590200719729554,7.552917594365626,5.310665672378356,4.121033948557047,3.365387837128829,4.663294791146692,2.0206195771559634,4.68811885775456,3.7318164421475437,2.6722134234150783,4.174702027026392,2.1309719504782487,3.829512751222637,3.2738803239393213,8.351106316957523,2.737406152216906,4.859058539439813,0.6593557699795409,2.6063675184561985,0.9789778977712018,8.846204550611414,2.011287210433115,3.633809817051256,1.8801005130849808,4.17161429647285,6.81715604403167,2.353430243814563,2.0337357874750723,1.7052872815985463,4.380106712206585,2.625801157369847,1.9477847436078541,1.5132030683847912,1.711166504845048,2.330834345317352,2.0881668508304556,4.091600612593562,3.745511899005553,4.046526265999925
5302126526,1.6801923112787152,4.4362018985401015,4.481947291973732,3.6384742553419063,5.094335852293953,5.740869707927085,2.9029896075720907,0.9859450802057864,6.760579955666862,3.2236023373064127,4.859073953756492,5.25314382752365,2.049633092774977,0.5807276895058229,2.80476534623411,2.432125324640899,0.3860404777207934,1.5218068521881567,3.439597733031245,4.037953895432815,6.275964416568382,0.6428502591415233,2.8544252425490177,2.279864347551932,2.030367943913305,0.0,5.670559970349626,3.624752894880593,2.5459471092370287,2.917215557245271,4.270955358016127,2.0468572512819576,0.699191261829265,6.366491560663001,2.9669361830232615,1.5952053963796398,0.26690857908943383,0.5618021758428611,2.055690800977165,6.062641000674714,4.397029893414971,1.4034468233076685,5.927781846120023,2.705058278657237,1.9944273971173252,1.5571883798273547,4.793221635571532,3.7978800117747555,1.003187324208517,2.7240401396252762,5.908076110183936,5.611111469230928,3.8850557625562696,4.795193871470725,4.039547760042508,2.6415807969440346,0.0543795603189303,3.262508947932473,2.306206532325458,2.153733223009922,2.152988032823733,0.3763347453331674,2.923491908388909,3.068278522881842,6.329392322754863,2.2184123809464373,5.349279501049786,1.377711711838367,1.1807576086341132,1.051390046142103,6.8244905564087555,0.5141784446849678,2.446053655572427,0.15026743082832408,4.845774219386529,4.795442049829012,3.027590166728242,1.4540445021597104,2.379447204512225,4.870327673816558,1.0917181309653143,1.4293045432026976,2.7599374335843327,1.9822292918120985,0.7031203494232794,2.762326773744134,4.130605553101622,4.419671821919232,4.31557825390467
42065187,6.055633450783524,6.873645361066312,2.783161928305407,6.225189106194842,2.9619096500217736,1.441894352753695,7.979981042157442,6.0347365716019965,3.1798916869207483,6.933835893432308,2.2757853721525536,1.1884891528109383,5.340640230484869,5.5876052296235805,4.621822908220522,8.09403134527988,5.584066523824315,7.183712872827138,6.616409409896516,8.907863486617758,3.0408800069460313,6.31341022949115,6.877159782016242,7.6946538160581746,7.352684579895246,5.670559970349627,0.0,8.494662486065536,6.864548882986971,8.338334610670056,9.140864949201069,6.110012835815938,6.330742553530995,1.7580536649768614,7.865303437257191,6.446125968404026,5.898019839326982,6.232362146192488,7.470480269483407,2.858605298257517,1.2735300769346558,6.257053715888415,1.6288064909466333,5.577458903747462,6.016937897607738,6.074356846852979,9.663131226756477,8.651486904355501,6.484076239576672,8.008096135306154,0.724953453920312,1.3716875203988057,6.003383176407816,10.216312924895508,9.460666813467292,3.875521009204638,5.7158935993290285,7.4473571836511,6.681647671830266,6.888729161137862,3.5175719375258936,6.046894715682794,7.777098800969654,8.499918261362517,1.7209544270687231,6.773856506677955,10.219189092234732,6.792501180344609,6.03436450121486,6.466179514648346,2.2160526607226148,6.1847384150345945,4.77747358378067,5.820827401177951,10.266893272811313,1.6582147086497623,8.689496187367224,6.595424025180568,8.041353225151207,9.740237265001502,6.242824884176994,6.391606001272943,8.003165507353076,6.852138882997041,5.506110794038899,8.41783944930729,9.000515144286565,10.075184497482388,9.185487845089611
41995417,5.217349241453452,7.973358828714838,7.690208636564342,7.175631185516643,8.302597196884564,8.908854727740138,2.9566366484304067,4.523102010380524,9.090314023315983,6.76075926748115,8.067335298347102,8.14099689132654,5.273041218545264,3.0974624402176096,6.013026690824721,3.67198167121768,3.9929000289031187,4.020110765166256,6.976754663205982,3.9568054334493326,9.484225761158994,3.9941624163292118,6.391582172723755,3.791540432346821,3.5399609941150536,3.6247528948805927,8.494662486065534,0.0,6.083104039411766,3.296949720784145,4.1898068960326444,5.542598860854825,4.227096028451525,9.534476580476056,5.658174488691275,5.132362326554378,3.357844315791159,4.141915762245051,3.5009190532068697,9.270902345265327,7.605291238005582,4.940603753482406,9.095766865933076,5.928466404427524,4.691067782767009,4.253828765477039,4.71207317358805,5.919913893486781,3.290576528407435,5.415278445293289,8.732178625899842,8.694895500535916,7.422212692731009,5.122183442368127,4.366537330939909,5.849842141534646,3.5703733345616624,6.799665878107211,5.843363462500195,3.1469666677164563,5.361249377414344,3.973478931349698,6.315149255833171,5.759516828549855,9.497377342567917,3.2618393221763626,5.268131039066303,3.4089836474762274,4.71791453880885,3.2726798034791087,9.992475576221809,4.094292031087157,4.775787723221547,3.730381017230514,5.1727637902839305,7.996233173756614,3.755812022111013,4.145282807827724,3.107669059894996,4.789179211833075,3.7677790635401367,3.0067811755290075,2.979821113626038,1.8287944892700052,3.4118103661081016,4.620438694165844,3.7847217011410352,5.975880181519393,3.7957632921490614
2875040356,1.0055760142858954,2.6771182649506056,5.675936204611074,1.8793906217524112,6.288324764931295,6.934858620564427,4.844178682717899,1.5600020290312424,8.303043747833543,1.5214732905039652,6.053062866393834,6.447132740160991,2.677579143612498,3.082035490264448,4.009431905204964,3.951488890696168,2.9319875869578222,3.4629959273339668,1.6805140994417496,6.0160732206435235,7.469953329205724,2.088941623082554,1.6390311784969116,4.221053422697742,3.9715570190591145,2.5459471092370287,6.864548882986967,6.083104039411765,0.0,4.333222715442568,6.249074683226835,1.0492966569186113,1.856008010960241,7.560480473300343,2.9734868950183184,1.9713914258332714,2.7682163798480595,2.362191181473832,3.838686008583592,7.256629913312056,5.591018806052313,1.766524411231254,7.121770758757365,2.703912433963198,4.208677466638726,3.7714384493487554,5.651062921000618,3.748797531798531,3.1667701427755723,3.1671393513269606,7.102065022821277,6.80510038186827,2.0656668525028543,6.05782020577362,5.3021740943454025,3.835569709581378,2.555687361077556,1.560379901130025,1.3911216712293581,4.596132594100837,3.3469769454610767,2.317397651094408,2.885282258730781,3.827283434565148,7.523381235392205,4.661325322902666,6.306256550339368,3.318900786984177,1.5438351965576986,2.9925791212879127,8.018479469046097,2.038781345156461,4.749141240289824,2.3956796784087047,5.386015052381846,5.989430962466353,4.4435973249255385,2.120689482609813,3.7954543627095223,5.82730472310614,3.5930259317239397,3.8717039142936125,4.701126508730143,4.446830412678815,2.920861782020702,3.9360497913715786,6.595206673968336,5.5933948395466775,6.136693347110903
42007118,3.4629973332500232,6.223477504745641,7.3905088995083545,5.4257498615474455,8.002897459828576,8.649431315461708,2.3005254311927987,2.7802758017762823,8.933986147920505,5.010877943511953,7.767635561291114,7.984669015931062,4.630037552835927,2.9411345648221303,5.713326953768734,1.1020809640557296,3.294602085255418,1.8118168445164209,5.226873339236785,1.6828505052009548,9.184526024103006,2.321137222277294,4.637230264520326,2.388135085553727,2.243055634331592,2.9172155572452705,8.338334610670055,3.296949720784145,4.333222715442568,0.0,1.9158519677842667,3.8341328574874978,2.554070834399607,9.275053168197626,3.329948560533944,3.3895361179501355,3.119996209258433,2.773218873051221,1.9059295039258197,8.971202608209339,7.305591500949594,3.184246095627545,8.836343453654646,5.285462738718187,4.643897710758205,4.206658693468235,1.96080927576947,2.675708765344108,2.794806433473108,3.087052517135959,8.575850750504364,8.51967307676555,5.66786078452758,1.877978314225454,1.1223322027972369,5.550142404478659,2.9074671904879295,5.049784554138014,4.089011554296766,3.742013696032065,5.061549640358357,2.735438023276197,3.9869233276758402,3.4312909003925247,9.237953930289487,3.807206424833893,2.616002905108221,2.0725425230541648,2.9615568809539896,2.398864188750429,9.733052163943379,2.44980903673385,4.619459847826067,2.7669481264169464,1.9285586621412576,7.704003657363635,1.1859113149490632,2.472257613775806,0.537768352733046,2.137051077874993,3.611451188144658,3.017585016224841,2.32370989638843,1.486195727673015,3.3164843760921627,2.050537987003893,3.6832513514694805,2.888827264012817,1.8034706316683335
41996811,5.3788493010342915,7.62275960309902,8.43651283028618,6.566616407835262,9.0489013906064,9.555057190875672,3.6486260718234202,4.696127769560551,9.736516486451517,6.926729911296221,8.813639492068939,8.787199354462071,6.015782807163287,3.7436649033531437,6.759330884546558,3.017932931839997,4.647949904397391,3.727668812300689,6.778185948933181,0.35013076765734275,10.23052995488083,4.2369891900615615,5.449772679579566,4.303987053337995,4.15890760211586,4.270955358016127,9.140864949201067,4.189806896032646,6.249074683226836,1.915851967784267,0.0,5.749984825271765,4.469922802183875,10.18067904361159,4.3830107292739875,5.305388085734405,4.004046778926694,4.689070840835488,3.8217814717100875,10.017206538987162,8.257751005177042,4.938311297253919,9.74196932906861,6.671207993045547,5.446428049289217,5.009189031999247,0.6416127195847472,2.5438781087868327,3.943028967878512,4.140114685876003,9.378381089035374,9.341097963671448,6.544468793344448,1.533607252402948,1.4800897925569803,6.596146335256483,4.216575797697197,6.965636521922281,5.201863172312012,4.544544034563079,6.107553571136181,4.619681394485232,4.14938449823851,3.8665464250110455,10.143579805703451,4.609736763364907,1.1976705850630005,3.988394490838432,4.877408848738257,3.925132242950186,10.638678039357343,4.365661004518117,5.42199018635708,4.376583480366048,1.7967280055839825,8.642435636892149,3.10176328273333,4.388109581560075,2.453620320517313,0.7187187578297727,4.413981526675671,3.820115354755855,3.6718105370190517,2.5328065912514006,4.119014714623177,3.96638995478816,2.810427994613562,3.893254143566975,1.0876515068168906
42040822,1.0234927430646537,2.9395514462216834,4.921400157440041,2.141823803023489,5.533788717760262,6.180322573393394,4.345088824762829,1.0609121710761715,7.54850770066251,1.7269518849879961,5.2985268192228006,5.69259669298996,1.7142828981034315,2.5542942240238884,3.2548958580339304,3.4523990327410976,2.2326972885592227,2.9639060693788957,1.9429472807128274,5.516983362688453,6.715417282034691,1.589851765127483,2.14276627948635,3.721963564742671,3.4724671611040434,2.0468572512819576,6.110012835815936,5.542598860854823,1.049296656918611,3.834132857487498,5.749984825271765,0.0,1.3569181530051702,6.805944426129311,2.8756842746449607,1.4723015678782008,2.2691265218929884,1.8631013235187608,3.339596150628522,6.502093866141023,4.836482758881281,1.2674345532761828,6.367234711586333,1.8799889896296622,3.4541414194676934,3.016902402177723,5.564133130945356,3.6618677417432695,2.6676802848205012,3.026189739955863,6.3475289756502455,6.0505643346972375,2.3934842153868683,5.712111171712953,4.956465060284736,3.0810336624103445,2.056597503122485,1.7658584956140557,1.6495069641113964,4.097042736145766,2.5924408982900435,1.8183077931393365,2.787479638357423,3.518011866012226,6.768845188221173,3.996712422477753,6.2193267602841065,2.819810929029106,1.0447453386026275,2.4934892633328416,7.263943421875065,1.5396914872013898,3.9946051931187916,1.8965898204536336,5.299085262326584,5.234894915295321,3.944507466970469,1.6215996246547422,3.296364504754452,5.740374933050878,2.903039824987765,3.3726140563385414,4.202036650775072,3.947740554723744,2.16632573484967,3.4369599334165075,6.087442953876631,5.094304981591607,5.637603489155833
42031708,0.9902532130019277,3.746262800263313,5.1421298751551,2.9485351570651184,5.754518435475322,6.401052291108454,2.9881706717576586,0.29600598192899863,7.415131909017726,2.533663239029625,5.51925653693786,5.913326410705019,2.145767732988643,1.2352796428566846,3.4705471960532126,2.172337009653206,1.0852317395500584,1.6069879163737248,2.749658634754457,4.236921339600562,6.9361469997497505,0.2329336121223129,2.1644861442722307,2.3650454117375004,2.115549008098873,0.6991912618292649,6.330742553530995,4.227096028451524,1.8560080109602406,2.554070834399607,4.4699228021838735,1.35691815300517,0.0,7.02667414384437,2.3217574463996575,0.9052662981028522,0.9214605324402956,0.5084226534616683,2.059534127540631,6.722823583856083,5.05721247659634,0.7135077250308807,6.587964429301392,2.801192918870903,2.6936186589465905,2.2563796416566193,4.514880110169077,3.107940913497967,1.313001614763409,2.2416554810513483,6.568258693365305,6.271294052412297,3.1951166642794826,4.432049148625061,3.676403037196844,3.301763380125404,0.7089315136697921,2.5725698496556855,1.6162674340486705,2.740124583140595,2.813170616005103,0.47064180368664377,2.2335528101121205,2.6583618758626315,6.989574905936232,2.805317311942423,5.170073739507828,1.462892776023935,0.4908185103573255,1.136571110327671,7.484673139590124,0.18501281714429718,3.100605608923289,0.5489238310009408,4.482629496540865,5.45562463301038,2.664445443882578,0.8289833709257612,2.016302481666561,4.6911219122746,1.746270084316176,2.015695903333371,2.8451184977699007,2.5908224017185733,1.4023116112525442,2.3991820508984705,4.739198663008095,4.056527099073568,4.35754146606794
42070248,6.751565041096896,7.569576951379685,2.9493248878036447,6.921120696508215,2.0688567816614163,0.6256218527359174,9.019795136567966,6.730668161915369,4.550989920700688,7.629767483745681,2.8291037134011923,1.9274207396979046,6.036571820798242,6.586448268422677,5.317754498533895,8.789962935593252,6.279998114137687,7.879644463140511,7.312341000209889,9.94767758102828,1.2828263419691692,7.009341819804522,7.573091372329615,8.637701958504286,8.38820555486566,6.3664915606629995,1.7580536649768619,9.534476580476058,7.560480473300343,9.275053168197624,10.18067904361159,6.80594442612931,7.026674143844367,0.0,8.561235027570563,7.142057558717398,6.624354208412904,6.92829373650586,8.413528411929518,1.100551633280655,1.9694616672480296,6.952985306201787,0.8125339909288557,6.273390494060833,7.056751992018261,7.032410989016549,10.702945321166998,9.347418494668874,7.36102493516087,8.704027725619529,1.79426783095808,1.2336990555331535,6.699314766721189,11.153031482423076,10.39738537099486,4.57145259951801,6.411825189642401,8.143288773964471,7.377579262143639,7.928543255548387,4.213503527839267,6.742826305996166,8.473030391283023,9.195849851675892,0.0370992379081384,7.81367060108848,11.259003186645254,7.735549322790721,6.730296091528231,7.4092276570944575,0.53219747156203,6.880670005347967,5.817287678191193,6.516758991491323,10.984636015252189,2.2115330498984007,9.385427777680595,7.2913556154939405,8.737284815464578,10.780051359412024,6.938756474490367,7.431420095683466,9.042979601763598,7.891952977407564,6.202042384352271,9.113771039620664,10.040329238697089,10.771116087795761,10.225301939500133
42032302,2.5045487504074857,4.303570857531974,6.676690758881297,3.247427662268217,7.289079319201519,7.935613174834651,4.007706917694064,2.0257514644706593,9.303798302103768,3.6244784591389303,7.053817420664057,7.447887294431216,3.6791284887403286,3.454474154012586,5.00510807977941,2.9482147357875435,3.3529766607440545,2.741299194265569,3.458997203366136,4.61379505490199,8.470707883475946,2.3240859238817375,2.1305839340125203,3.317617435302874,3.1725379840807406,2.966936183023261,7.865303437257192,5.658174488691274,2.9734868950183184,3.3299485605339445,4.3830107292739875,2.8756842746449602,2.321757446399658,8.56123502757057,0.0,2.441419106576112,3.1892054536342918,2.7761675746556644,2.8354118536749677,8.257384467582279,6.591773360322537,1.6082497213687772,8.12252531302759,4.334553674622589,4.961363580140585,4.524124562850615,3.741398009689241,2.1043835662337766,2.9011530932077574,0.2428960433979852,8.102819577091502,7.805854936138494,3.225280047777402,4.148155294462244,3.392509183034026,4.8363242638516,2.9766764348637884,3.775252334616722,1.8826744267449669,4.171203043380345,4.3477314997312995,2.73838672488064,0.9650305454381023,1.3221281344561404,8.52413578966243,4.236395772182174,4.396591639027992,2.8939712362636856,1.8309389360423325,2.567649570567421,9.019234023316322,2.4527577383382932,5.132799437016522,2.816668752194937,3.47635014107047,6.990185516736577,3.4403231700169155,2.0184066414914525,2.7921802078008984,3.917639811794764,4.0140150055101715,3.446774363573121,3.864654743706306,4.021900861958324,3.6700565324465404,2.3084400666280467,6.170277123247844,3.680069954401087,5.133419192202277
3345862100,1.105636627874958,3.8616462151363438,5.25751329002813,3.063918571938149,5.869901850348351,6.516435705981484,3.8934369698605114,0.6092603161738536,7.8846208332506,2.649046653902656,5.63463995181089,6.028709825578049,2.2611511478616735,2.13129377740706,3.585930610926243,3.007802293203736,1.9812458741004333,2.5122542144765774,2.8650420496274878,5.07238662315109,7.05153041462278,1.138199910225165,2.279869559145261,3.270311709840353,3.020815306201725,1.5952053963796398,6.446125968404025,5.132362326554376,1.971391425833271,3.3895361179501364,5.305388085734402,1.4723015678782003,0.9052662981028521,7.142057558717401,2.441419106576112,0.0,1.8174746669906705,1.411449468616443,2.89499941109116,6.838206998729112,5.172595891469371,0.8331693852073351,6.703347844174423,2.9165763337439334,3.589632793496965,3.1523937762069947,5.129867962876508,3.227602573674422,2.2160284299181834,2.582619879878011,6.683642108238335,6.3866774672853275,3.3105000791525128,5.267514432175591,4.511868320747373,3.4171467949984344,1.604945648220167,2.687953264528716,1.7316508489217008,3.645390881243447,2.9285540308781335,1.3666559382370187,2.3532144702885747,3.0744420059343742,7.104958320809263,3.710583610045275,5.785061592215259,2.3681590741267877,0.6104801705337799,2.0418374084305233,7.600056554463155,1.088039632299072,3.9966197434736643,1.4449379655513157,4.864820094257737,5.571008047883411,3.4999107274331074,1.1699477697524243,2.8517677652170903,5.306109764982031,2.6422842188665507,2.9209622014362226,3.7503847958727534,3.496088699821425,2.298325745802919,2.992363193879146,5.6444649611109465,4.6497082420542455,5.193006749618469
1505639873,1.902461581889746,4.658471169151133,4.739809939723636,3.860743525952937,5.352198500043857,5.9987323556769905,2.8431628718830666,1.208214350816817,6.493671376577429,3.445871607917444,5.116936601506396,5.511006475273555,2.307495740524882,0.313819110416389,3.0626279939840146,2.634905976654061,0.6439031254706983,1.7245875042013188,3.661867003642276,3.771045316343381,6.533827064318286,0.8651195297525538,3.076694513160049,2.4826449995650943,2.215866409620869,0.26690857908943383,5.89801983932698,3.3578443157911595,2.7682163798480595,3.1199962092584332,4.004046778926693,2.269126521892989,0.9214605324402956,6.624354208412907,3.189205453634291,1.8174746669906705,0.0,0.7840714464538918,2.2584714529903267,6.320503648424618,4.654892541164877,1.6257160939186992,6.185644493869929,2.962920926407142,1.8833485951086053,1.4461095778186348,4.526313056482098,4.020149282385786,1.2059679762216788,2.9463094102363057,6.13553597916129,5.868974116980834,4.107325033167301,4.9979745234838875,4.24232841205567,2.899443444693939,0.2125290187705035,3.484778218543504,2.5284758029364887,1.8868246439204883,2.4108506805736387,0.6156346155585388,3.1457611789999396,3.290547793492872,6.587254970504769,1.9515038018570041,5.082370921960352,1.580492363851529,1.403026879245144,1.254170698155265,7.082353204158661,0.7364477152959983,2.1791450764829934,0.37253670143935474,5.048554871399691,5.053304697578917,3.230370818741404,1.676313772770741,2.582227856525387,4.603419094727124,0.8248095518758803,1.162395964113264,2.866347337078698,1.7153207127226648,0.5298427398233855,2.965107425757296,3.8636969740121883,4.622452473932395,4.048669674815235
4163674309,1.496436383515518,4.252445970776904,5.043749467816592,3.4547183275787092,5.656138028136813,6.302671883769945,2.9357993869147396,0.8021891524425893,7.277742823031321,3.039846409543216,5.4208761295993515,5.814946003366511,2.611435268617839,1.0978905568702808,3.366567522076971,2.3914850483048196,0.9478426535636545,1.5546166315308056,3.255841805268048,4.456069378252175,6.837766592411242,0.4520816507739266,2.670669314785821,2.3126741268945814,2.063177723255954,0.5618021758428611,6.232362146192487,4.141915762245052,2.3621911814738317,2.7732188730512206,4.689070840835487,1.8631013235187606,0.5084226534616683,6.928293736505862,2.776167574655664,1.4114494686164427,0.7840714464538918,0.0,2.088500580319814,6.624443176517574,4.958832069257832,1.2196908955444714,6.489584021962884,3.2668604545000988,2.556229572960186,2.1189905556702158,4.734028148820691,3.614124084011558,1.0359971035511657,2.533271531257679,6.4698782860267965,6.1729136450737885,3.701299834793073,4.651197187276675,3.8955510758484575,3.2033829727868954,0.5715424276833883,3.0787530201692763,2.122450604562261,2.67089609037438,2.7147902086665945,0.33325271770023995,2.7397359806257113,2.877509914514245,6.891194498597724,2.7355752483108953,5.389221778159442,1.410521491181016,0.9970016808709161,1.084199825484752,7.386292732251616,0.3234098363173711,2.9632165229368845,0.41153474501453696,4.701777535192479,5.357244225671872,2.8835934825341916,1.2632758937921134,2.2354505203181745,4.910269950926214,1.6088809983297723,1.946467410567156,2.7927472129269817,2.4993921591765567,1.2649225252661405,2.618330089550084,4.647768420466078,4.275675137725182,4.576689504719554
42014347,2.9684606263910474,5.728940797886665,6.5289841432402485,4.93121315468847,7.14137270356047,7.787906559193602,1.6836611340295495,2.2857390949173064,8.066131806733855,4.516341236652976,6.906110805023008,7.116814674744414,4.096669944041496,2.0732802236354826,4.851802197500628,0.9571468712389622,2.433077328987312,0.9641099494046561,4.732336632377809,3.5887800091267748,8.323001267834899,1.8266005154183187,4.14269355766135,0.9935716516383599,0.8484922004162255,2.055690800977165,7.470480269483407,3.5009190532068697,3.838686008583592,1.9059295039258202,3.821781471710087,3.339596150628522,2.0595341275406316,8.413528411929521,2.835411853674968,2.8949994110911597,2.2584714529903267,2.088500580319814,0.0,8.10967785194123,6.444066744681488,2.689709388768569,7.9748186973865405,4.752095129923755,3.776043369571557,3.3388043522815867,3.86673877969529,3.7190096253111844,1.5199591628306535,2.592515810276983,7.707996409317717,7.658148320497445,5.173324077668601,3.7839078181512744,3.028261706723057,4.688617648210552,2.0459424342198234,4.555247847279038,3.59447484743779,2.790009113003241,4.200024884090251,2.1562948075421087,3.492386620816865,2.9367541935335493,8.376429174021382,2.855201841805069,4.521932409034041,0.6779790891387978,2.4670201740950137,1.0043007548350618,8.871527407675273,1.9552723298748742,3.7516055066394194,1.9054233701488408,3.8344881660670778,6.842478901095529,2.016304113408791,1.977720906916831,1.368161151192774,4.042980581800813,2.7435968469580096,2.065580433196017,1.5406089600417914,1.6721245639368645,2.448630034905515,1.7510407204246832,4.052558671685379,3.408385768599781,3.7094001355941533
42070906,6.447714481108611,7.176806146291665,2.2755028969351665,6.528349891420195,0.9683051483807609,1.7261734860165725,8.856322631943538,6.426817601927084,5.283308255323937,7.236996678657661,2.954764333446938,3.0279723729785597,5.732721260809957,6.282597708434392,5.5513078436147,8.486112375604968,5.976147554149402,7.575793903152226,6.919570195121869,9.784205076403852,0.5783246957576849,6.705491259816237,7.180320567241595,8.333851398516002,8.084354994877375,6.062641000674715,2.8586052982575163,9.270902345265325,7.256629913312058,8.971202608209339,10.017206538987162,6.502093866141025,6.722823583856083,1.100551633280655,8.257384467582279,6.838206998729113,6.320503648424619,6.624443176517575,8.109677851941234,0.0,2.598250040219167,6.649134746213503,1.913085624209511,5.969539934072549,7.165799446318235,6.728560429028264,10.53947281654257,9.043567934680587,7.057174375172585,8.400177165631241,2.8948194642387346,2.3342506888138086,6.306543961633169,10.84918092243479,10.093534811006574,4.2611693406388325,6.107974629654116,7.750517968876453,7.073728702155353,7.8398885613481655,3.909652967850981,6.438975746007881,8.16917983129474,8.891999291687606,1.1376508711887934,7.725015906888259,11.095530682020826,7.431698762802436,6.426445531539947,7.105377097106173,1.6327491048426848,6.576819445359682,6.454006301395526,6.212908431503038,10.680785455263901,2.8372235447100285,9.08157721769231,6.987505055505656,8.433434255476293,10.616578854787596,6.634905914502082,7.19372863168325,8.813924484548403,7.7284804727831355,5.898191824363987,8.809920479632378,9.815746438287137,10.467265527807475,10.061829434875705
42061567,4.7821033738488685,5.600115284131655,1.5233593760696846,4.951659029260185,2.2278535495248324,1.3438398145121124,7.096867098133416,4.761206494667342,2.7236615936850557,5.660305816497651,1.0159828199168315,0.8561139341086769,4.067110153550213,4.616986601174648,3.3482928312858657,6.820501268345224,4.310536446889658,5.9101827958924815,5.342879332961859,8.024749542593732,2.780524748907681,5.039880152556493,5.603629705081585,6.668240291256257,6.41874388761763,4.39702989341497,1.2735300769346556,7.605291238005582,5.591018806052316,7.305591500949596,8.257751005177044,4.836482758881282,5.057212476596341,1.9694616672480298,6.591773360322536,5.1725958914693715,4.654892541164875,4.958832069257831,6.44406674468149,2.598250040219167,0.0,4.98352363895376,1.5307519527050508,4.303928826812807,5.133823953583711,5.06294932176852,8.780017282732452,7.377956827420847,5.391563267912841,6.734566058371501,1.5110462167689653,1.214081575815955,4.729853099473159,9.18356981517505,8.427923703746833,2.601990932269982,4.442363522394372,6.173827106716441,5.408117594895611,6.005615217113837,2.2440418605912376,4.773364638748137,6.503568724034999,7.226388184427862,1.9323624293398916,5.89074256265393,9.336075148210707,5.766087655542692,4.760834424280205,5.439765989846428,2.427460662993783,4.911208338099938,3.894359639756642,4.547297324243294,9.01517434800416,0.39841215641404015,7.415966110432566,5.321893948245914,6.76782314821655,8.857123320977477,4.9692948072423375,5.508492057248916,7.120051563329049,5.969024938973014,4.232580717104242,7.144309372372637,8.117401200262535,8.801654420547733,8.302373901065586
42035436,0.8962990290387085,3.6567792005343254,5.068441037512518,2.859051557336131,5.68082959783274,6.327363453465872,3.701678396788539,0.41750174310188204,7.695548580734988,2.4441796393006383,5.445567699295278,5.839637573062437,2.070878767371552,1.9395352043350882,3.3968583584106313,2.8025122708811443,1.789487301028462,2.3204956414046056,2.66017503502547,4.867096600828498,6.862458162107169,0.9464413371531935,2.069611689529339,3.078553136768381,2.829056733129753,1.4034468233076685,6.257053715888413,4.940603753482405,1.7665244112312533,3.184246095627545,4.938311297253917,1.2674345532761826,0.7135077250308806,6.952985306201788,1.6082497213687772,0.8331693852073352,1.6257160939186992,1.2196908955444712,2.689709388768569,6.649134746213501,4.983523638953758,0.0,6.51427559165881,2.7263039532538116,3.3978742204249945,2.9606352031350234,4.296698577669172,2.3944331884670866,2.0242698568462116,1.8019021776774191,6.494569855722723,6.197605214769715,3.101162480316263,4.703455862442174,3.9478097510139567,3.228074542482822,1.4131870751481956,2.483086249926698,1.5223132500854513,3.4536323081714757,2.739481778362521,1.1748973651650474,1.5200450850812397,2.462046260915607,6.91588606829365,3.5188250369733036,4.951892207007923,2.1764005010548155,0.2226892146735552,1.8500788353585516,7.4109843019475425,0.8962810592271002,3.804861170401692,1.2531793924793444,4.031650709050401,5.381935795367799,3.294620705110516,0.9774731653682116,2.6464777428944988,4.472940379774695,2.4505256457945794,2.7292036283642513,3.5586262228007812,3.304330126749454,2.1065671727309483,2.787073171556555,5.452706388038975,4.444418219731654,4.987716727295878
42067564,6.312855326553918,7.130867236836706,2.8200777137734163,6.482410981965236,2.016389975973768,0.1869121381929383,8.581085422024987,6.291958447372391,4.017808809046156,7.191057769202702,2.3903939988582126,1.4887110251549256,5.597862106255264,6.147738553879699,4.879044783990916,8.351253221050275,5.841288399594709,7.440934748597533,6.87363128566691,9.508967866485301,2.095360332898025,6.570632105261544,7.134381657786636,8.198992243961309,7.949495840322681,5.927781846120022,1.6288064909466335,9.09576686593308,7.121770758757365,8.836343453654646,9.741969329068612,6.367234711586332,6.5879644293013895,0.8125339909288557,8.122525313027586,6.70334784417442,6.185644493869926,6.489584021962882,7.974818697386541,1.913085624209511,1.5307519527050504,6.5142755916588095,0.0,5.834680779517856,6.618042277475282,6.593701274473571,10.26423560662402,8.908708780125894,6.922315220617892,8.26531801107655,1.2676305155206455,0.6208964490421518,6.26060505217821,10.714321767880097,9.95867565645188,4.132742884975032,5.973115475099423,7.704579059421494,6.93886954760066,7.489833541005408,3.774793813296288,6.304116591453188,8.034320676740048,8.757140137132913,0.7754347530207173,7.374960886545502,10.820293472102275,7.296839608247743,6.291586376985254,6.97051794255148,1.270532986674609,6.441960290804989,5.3785779636482145,6.078049276948345,10.545926300709208,1.7728233353554215,8.946718063137617,6.852645900950963,8.2985751009216,10.341341644869045,6.500046759947389,6.992710381140487,8.60426988722062,7.453243262864585,5.7633326698092935,8.675061325077685,9.60161952415411,10.332406373252782,9.786592224957154
42042019,2.5240888972913105,3.856416705076546,4.388846225371568,3.525672570022746,5.001234785691788,5.64776864132492,5.510324086001919,2.505186936941904,7.015953768594035,2.73341510510851,4.765972887154327,5.160042760921486,1.762612115619687,2.9401617675965883,3.62631920573165,4.903728913971784,2.618564832131923,4.218211181134748,3.1344522663210723,6.438206530462234,6.182863349966217,3.0341265309932157,3.6983218285616135,4.976268676498524,4.726772272859897,2.705058278657237,5.577458903747462,5.928466404427523,2.703912433963198,5.285462738718186,6.671207993045546,1.879988989629662,2.801192918870903,6.273390494060837,4.334553674622589,2.9165763337439334,2.9629209264071417,3.2668604545000983,4.752095129923757,5.969539934072549,4.303928826812807,2.7263039532538116,5.834680779517859,0.0,3.840008963040394,3.402769945750423,7.023002530922984,5.120737141720898,3.6995916531551076,4.478546500646062,5.8149750435817715,5.5180104026287635,3.763055554162771,7.163441052943641,6.407794941515424,2.058170461514241,2.7503919076366383,2.6251403008481953,3.1501031183380532,4.49745262051036,2.0598869662215686,3.0813930239904046,4.246349038335052,4.970368626702424,6.236291256152699,4.382579966050454,7.678196160261734,4.074116040784959,2.5036147385802563,3.747794375088694,6.731389489806591,2.9839662530671225,4.380472736691491,2.855325709485561,6.757954662304213,4.702340983226847,5.395837348201156,3.0658743905204746,4.74769438598514,7.199244333028506,3.288907368560465,3.851292690845446,5.456341762530924,4.382481926841518,2.55219327842237,4.888289814647196,6.473310497449332,6.545634862822293,6.715830888934089
42037968,3.3997620344352786,6.098932255941798,5.585105737617249,5.301204612743603,6.19749429793747,6.431130139282344,4.285544142245591,2.9803724773231117,6.612589434858186,4.88633269470811,5.962232399400008,5.6632723028687435,3.1845837771581342,1.7027631459360746,3.9079237918776286,4.417898772047579,1.9079339505920117,3.507580299594836,5.102328090432942,5.213426586705906,7.379122862211899,2.6372776562588487,4.573994965705582,4.000216916146325,3.658247679983394,1.9944273971173252,6.016937897607737,4.691067782767009,4.208677466638726,4.643897710758206,5.446428049289218,3.4541414194676934,2.69361865894659,7.056751992018261,4.961363580140585,3.589632793496965,1.8833485951086049,2.5562295729601865,3.7760433695715574,7.165799446318231,5.133823953583711,3.397874220424994,6.618042277475283,3.840008963040394,0.0,0.6632554195647532,5.9686943268446235,5.792307408892081,2.7896393396648214,4.7184675367426,6.254454037442047,6.217170912078119,5.552865025106982,6.521876024983661,5.766229913555444,3.7447392425875536,2.0397610260967265,4.897657034960155,4.025776255482022,3.2593491674925787,3.2561464784672522,2.3707621424504928,4.917919305506233,5.062705919999166,7.019652754110123,3.1444765130326724,6.524752192322877,3.0980642804327596,3.175185005751439,2.771742614736495,7.514750987764015,2.508605841802293,1.867695231467109,2.1446948279456493,6.572456372899465,5.518508585298818,5.013363614134921,3.4484718992770356,4.3652206519189045,6.045800365089649,2.090219945423314,2.6138940691849326,4.308728607441223,3.15770198308519,1.3535058552852193,4.748100221150814,5.235911875788817,6.405445269325911,5.491050945177761
42035582,2.962523017145308,5.661693238651828,5.147866720327278,4.8639655954536325,5.7602552806475,6.406789136280633,3.8483051249556217,2.5431334600331414,6.670008384103426,4.449093677418139,5.524993382110038,5.720691252113984,2.747344759868164,1.265524128646104,3.4706847745876583,3.9806597547576086,1.4706949333020414,3.070341282304866,4.665089073142972,4.776187569415936,6.941883844921929,2.2000386389688784,4.136755948415611,3.5629778988563547,3.2210086626934236,1.557188379827355,6.074356846852978,4.2538287654770395,3.7714384493487545,4.206658693468236,5.009189031999248,3.0169024021777227,2.2563796416566198,7.032410989016549,4.524124562850615,3.1523937762069947,1.446109577818635,2.1189905556702158,3.338804352281587,6.728560429028261,5.062949321768519,2.960635203135024,6.593701274473571,3.402769945750424,0.6632554195647532,0.0,5.531455309554653,5.355068391602111,2.352400322374851,4.28122851945263,6.311872986687288,6.27458986132336,5.115626007817012,6.084637007693691,5.3289908962654735,3.3075002252975834,1.6025220088067562,4.460418017670184,3.5885372381920506,2.822110150202608,2.818907461177282,1.9335231251605225,4.480680288216264,4.625466902709196,6.995311751108411,2.7072374957427017,6.087513175032907,2.6608252631427893,2.7379459884614685,2.334503597446525,7.490409984762303,2.0713668245123227,1.9251141807123486,1.707455810655679,6.135217355609495,5.4613614781825595,4.576124596844951,3.0112328819870653,3.927981634628935,5.608561347799679,1.6529809281333445,2.176655051894962,3.871489590151253,2.7204629657952197,0.9162668379952493,4.310861203860845,4.798672858498847,5.968206252035943,5.053811927887791
42003229,5.186264673774009,6.981146883514273,8.958779107841586,5.9250036882505155,9.571167668161806,10.077323468431082,4.170892349378827,4.714200320771054,10.25878276400692,6.302054485121228,9.335905769624345,9.30946563201748,6.367577345040725,4.2659311809085505,7.281597162101964,3.0628902398251996,5.170216181952798,3.7726261202858917,6.136573229348434,0.8723970452127493,10.752796232436236,4.281946498046764,4.8081599599948195,4.3489443613231975,4.203864910101063,4.793221635571533,9.663131226756475,4.712073173588053,5.651062921000617,1.9608092757694697,0.6416127195847472,5.564133130945354,4.514880110169078,10.702945321167,3.741398009689241,5.129867962876508,4.5263130564821,4.734028148820691,3.8667387796952903,10.539472816542569,8.78001728273245,4.296698577669172,10.26423560662402,7.023002530922985,5.968694326844624,5.531455309554654,0.0,1.902265389202086,4.465295245433919,3.498501966291256,9.900647366590782,9.863364241226856,5.9028560737597005,0.9665207129188542,0.8384770729722328,7.118412612811889,4.738842075252603,6.452828360599023,4.560250452727265,5.066810312118486,6.629819848691588,4.696247299045666,3.5077717786537637,3.2249337054262988,10.665846083258861,5.132003040920315,0.6551936293387509,4.033351798823635,4.5193877923427275,4.359673464519899,11.160944316912753,4.41061831250332,5.944256463912486,4.727757402186418,1.1551152859992353,9.164701914447557,3.146720590718533,4.433066889545278,2.498577628502516,0.17624180210552298,4.936247804231078,4.342381632311262,4.1940768145744585,3.055072868806807,4.641280992178583,4.011347262773363,3.3326942721689683,3.31787762960049,1.6099177843722972
10918327953,3.2839992845719235,5.0788814943121885,7.462874225979606,4.022738299048431,8.075262786299827,8.721796641932958,4.89130468933028,2.8119349315689686,10.089981769202074,4.399789095919144,7.840000887762366,8.234070761529523,4.465311955838637,4.333968392802175,5.791291546877719,3.7777897293998377,4.183920489495549,3.624896965901786,4.23430784014635,2.774662434414836,9.256891350574257,3.207683695517954,2.905894570792734,4.201215206939091,4.056135755716958,3.797880011774755,8.651486904355501,5.919913893486782,3.748797531798532,2.675708765344108,2.543878108786833,3.66186774174327,3.107940913497967,9.347418494668876,2.1043835662337766,3.2276025736744214,4.020149282385786,3.6141240840115585,3.7190096253111844,9.04356793468059,7.377956827420846,2.394433188467086,8.908708780125895,5.120737141720897,5.79230740889208,5.35506839160211,1.9022653892020858,0.0,3.784750864843974,1.8614875228357914,8.889003044189808,8.592038403236801,4.000590684557616,2.3090226739750883,1.5533765625468712,5.62250773094991,3.8076202636152825,4.5505629713969356,2.6579850635251807,5.054800815016562,5.133914966829608,3.5693305536321343,1.8707573351982982,1.5879192619708344,9.310319256760737,5.11999354381839,2.557459018540837,3.7775690078999022,2.6171224031406415,3.451247342203638,9.805417490414628,3.2907142476941873,6.01639720865274,3.647612580946431,1.6372175205833146,7.776368983834886,3.861620080293171,3.0703875139849504,3.213477118077154,2.078507191307609,4.844958834261667,4.330372135209338,4.748252515342523,4.161904493017123,4.501000361198034,3.080901172689903,5.234959661371052,4.032777119175129,3.512183173574383
42024929,2.3010153448172592,5.057024932078645,5.476480666471601,4.2592972888804495,6.0888692267918225,6.735403082424955,2.3672579694255798,1.60676811374433,7.079727776827119,3.844425370844956,5.853607328254361,6.130410644837677,3.044166467272848,1.086876193728747,3.79929872073198,2.309716200868736,1.3805738522186641,1.3993977284159937,4.060420766569789,3.7100275052951996,7.270497791066251,1.2371410208456943,3.475248276087562,1.744132709405421,1.4021634732424906,1.003187324208517,6.4840762395766705,3.290576528407435,3.166770142775572,2.7948064334731075,3.943028967878512,2.6676802848205017,1.313001614763409,7.361024935160871,2.9011530932077574,2.2160284299181834,1.2059679762216788,1.0359971035511657,1.5199591628306537,7.0571743751725835,5.391563267912841,2.024269856846212,6.922315220617893,3.699591653155108,2.789639339664822,2.3524003223748515,4.465295245433917,3.784750864843973,0.0,2.658257049809772,6.72159237941098,6.605644843728798,4.505878796094814,4.672784747698562,3.9171386362703444,3.636114171441905,0.9934389574511753,3.883331981471016,2.927029565864002,1.8036050830965067,3.147521407321604,1.1037913307734606,3.544314941927452,3.002495433066338,7.323925697252733,1.8687978118983346,5.0213531109121705,0.8419800736918559,1.8015806421726568,0.5156584079955918,7.819023930906625,1.1279887976191116,2.765201476732684,0.8529198933801928,4.723365095614366,5.789975424326881,2.9051810429560785,1.3882614123442065,2.2570380807400614,4.5424012836789425,1.7571928170512745,1.0791764032892823,2.224205795437822,1.6543029016744841,1.4622260049987796,2.639917649971971,3.802679162964007,4.297262698147069,3.987651863767055
5221755484,2.6550542157183887,4.4972233138406175,6.81948345693026,3.44108011857686,7.431872017250481,8.078405872883614,3.7648108742960793,1.9733595637041574,9.204429693712974,3.8181309154475724,7.19661011871302,7.590679992480179,3.823121314763802,3.2115781106146013,5.147900777828372,2.7053186923895582,3.1100806173460693,2.4984031508675844,3.652649659674778,4.3708990115040045,8.613500581524908,2.0811898804837523,2.3242363903211625,3.0747213919048892,2.929641940682756,2.724040139625276,8.008096135306154,5.415278445293289,3.16713935132696,3.087052517135959,4.140114685876002,3.0261897399558637,2.241655481051348,8.704027725619532,0.2428960433979852,2.5826198798780107,2.9463094102363065,2.5332715312576792,2.592515810276983,8.400177165631243,6.7345660583715,1.8019021776774193,8.265318011076552,4.478546500646062,4.718467536742601,4.281228519452631,3.4985019662912555,1.8614875228357912,2.658257049809772,0.0,8.245612275140465,7.948647634187457,3.4189325040860443,3.905259251064258,3.1496131396360405,4.979116961900564,2.733780391465803,3.9689047909253636,2.076326883053609,3.92830699998236,4.490524197780262,2.495490681482655,1.1586830017467444,1.0792320910581554,8.666928487711393,3.993499728784188,4.153695595630007,2.6510751928657004,2.0245913923509744,2.324753527169436,9.162026721365285,2.209861694940308,4.889903393618537,2.5737727087969517,3.2334540976724844,7.13297821478554,3.19742712661893,1.7963099561509515,2.5492841644029127,3.6747437683967785,3.771118962112187,3.2038783201751357,3.6217587003083214,3.779004818560338,3.427160489048555,2.065544023230062,5.927381079849859,3.4371739110031023,4.890523148804293
42065375,6.2931495906178325,7.111161500900621,3.0206780681397167,6.4627052460291505,2.901640159018962,1.2548112692757296,8.217497181991751,6.272252711436305,3.4341954853679315,7.171352033266617,2.5133015119868634,1.1664507195088947,5.578156370319179,5.8251213694578885,4.859339048054831,8.33154748511419,5.821582663658623,7.421229012661447,6.853925549730825,9.145379626452064,3.0770941729272496,6.550926369325459,7.114675921850551,7.9321699558924825,7.590200719729554,5.908076110183936,0.724953453920312,8.732178625899843,7.10206502282128,8.575850750504365,9.378381089035374,6.347528975650246,6.568258693365304,1.79426783095808,8.1028195770915,6.683642108238335,6.13553597916129,6.4698782860267965,7.707996409317715,2.8948194642387355,1.5110462167689653,6.494569855722724,1.2676305155206453,5.814975043581771,6.254454037442046,6.311872986687287,9.900647366590782,8.889003044189808,6.72159237941098,8.245612275140465,0.0,0.6467340664784935,6.240899316242125,10.453829064729817,9.6981829533016,4.113037149038947,5.953409739163337,7.684873323485409,6.919163811664575,7.126245300972171,3.755088077360203,6.284410855517103,8.014614940803963,8.737434401196827,1.7571685930499417,7.011372646512264,10.456705232069037,7.030017320178917,6.271880641049169,6.703695654482654,2.252266826703833,6.422254554868903,5.0149897236149785,6.05834354101226,10.504409412645622,1.895730848484072,8.927012327201531,6.832940165014877,8.278869364985514,9.977753404835807,6.480341024011303,6.629122141107251,8.240681647187383,7.089655022831349,5.743626933873208,8.6553555891416,9.238031284120874,10.312700637316697,9.423003984923916
42065068,5.996184949664824,6.81419685994761,2.5811001781219707,6.16574060507614,2.2549060925404687,0.6080772027972361,8.180214056627825,5.9752880704832965,3.396912360004004,6.874387392313606,2.0737236219691173,1.1291675941449675,5.281191729366168,5.787838244093962,4.562374407101822,8.03458284416118,5.5246180227056145,7.124264371708438,6.556960908777814,9.10809650108814,2.5165253975023227,6.25396172837245,6.81771128089754,7.882321867072214,7.552917594365627,5.611111469230927,1.3716875203988055,8.694895500535917,6.805100381868271,8.519673076765553,9.34109796367145,6.0505643346972375,6.271294052412295,1.2336990555331533,7.805854936138491,6.386677467285326,5.868974116980832,6.172913645073788,7.658148320497447,2.3342506888138086,1.214081575815955,6.197605214769715,0.6208964490421518,5.518010402628762,6.217170912078119,6.27458986132336,9.863364241226858,8.592038403236801,6.605644843728798,7.948647634187455,0.6467340664784935,0.0,5.943934675289114,10.397651390991005,9.642005279562788,3.816072508085937,5.6564450982103285,7.387908682532398,6.622199170711566,7.088962175608243,3.4581234364071927,5.987446214564094,7.717650299850954,8.440469760243817,1.196599817625015,6.974089521148336,10.419422106705113,6.980169231358649,5.97491600009616,6.653847565662385,1.6916980512789066,6.1252899139158945,4.977706598251052,5.761378900059251,10.229255923820116,1.456152958466326,8.630047686248524,6.535975524061868,7.981904724032507,9.940470279471883,6.183376383058294,6.591839015743324,8.203398521823457,7.052371897467422,5.446662292920199,8.35839094818859,9.200748158756946,10.015735996363688,9.385720859559992
42047589,2.204863451277555,1.1927227197383836,4.725850252932184,0.2516604123633793,5.3382388132524055,6.073692913985273,6.183287336037141,2.8991106823504844,7.441878041254388,1.0296404490542612,5.102976914714944,5.585967033581837,4.021766702080754,4.421144143583691,4.9912516386733925,5.286126959781176,4.271096240277064,4.802104580653208,0.6286032878416985,6.775253118972448,6.519867377526834,3.428050276401796,1.0946961137648816,5.560162076016984,5.310665672378357,3.8850557625562705,6.003383176407813,7.422212692731007,2.0656668525028543,5.667860784527578,6.544468793344445,2.393484215386868,3.195116664279483,6.699314766721189,3.225280047777402,3.3105000791525137,4.107325033167301,3.701299834793074,5.173324077668602,6.306543961633166,4.729853099473159,3.1011624803162636,6.260605052178211,3.7630555541627713,5.552865025106982,5.115626007817012,5.9028560737597005,4.000590684557615,4.505878796094814,3.4189325040860443,6.240899316242123,5.943934675289116,0.0,6.309613358532704,5.553967247104486,3.6353896242052497,3.894796014396798,1.5478333765231689,1.6429148239884417,5.935241247420079,3.2838732514173974,3.6565063044136497,3.1370754114898647,4.079076587324232,6.662215528813051,6.000433976221908,6.558049703098451,4.6580094403034185,2.8784732656427083,4.331687774607155,7.157313762466943,3.3778899984757027,6.093328798758081,3.7347883317279464,5.63780820514093,5.072963887645439,5.778235394010548,3.459798135929055,5.130092431794532,6.079097875865223,4.932134585043182,5.210812567612854,6.040235162049385,5.785939065998057,4.265049340488958,5.270687860456588,7.934315327287578,6.8561064150891475,7.471331416195913
6181195631,5.340975647475478,7.3879041682872755,9.268487213733811,6.331760973023518,9.880875774054031,10.527409629687163,4.1785037454182525,4.658254116001737,10.811964462145957,6.70881176989423,9.64561387551657,9.862647330156516,6.50801586706138,4.819112879047586,7.59130526799419,2.9800592782811837,5.172580399480873,3.6897951587418754,6.543330514121436,1.559093369905039,11.062504338328461,4.199115536502748,5.214917244767822,4.26611339977918,4.121033948557047,4.795193871470725,10.216312924895512,5.122183442368127,6.057820205773619,1.8779783142254538,1.5336072524029478,5.712111171712952,4.432049148625062,11.153031482423081,4.148155294462244,5.267514432175592,4.997974523483888,4.651197187276675,3.783907818151274,10.849180922434794,9.183569815175051,4.703455862442174,10.7143217678801,7.16344105294364,6.52187602498366,6.08463700769369,0.9665207129188543,2.3090226739750883,4.672784747698563,3.9052592510642583,10.453829064729819,10.397651390991005,6.309613358532703,0.0,0.755646111428217,7.428120718704115,4.785445504713385,6.859585645372025,4.967007737500268,5.619992010257521,6.939527954583813,4.61341633750165,3.914529063426766,3.631690990199301,11.115932244514942,5.68518473905935,1.621714342257605,3.9505208372796186,4.839535195179444,4.2768425029758825,11.611030478168834,4.327787350959303,6.497438162051522,4.644926440642402,1.5618725707722376,9.581981971589093,3.063889629174517,4.350235928001261,2.4157466669585,1.1427625150243772,5.489429502370114,4.895563330450297,4.201688210613884,3.3641740418984694,5.194462690317619,3.9285163012293465,4.019390596861258,3.2350466680564747,2.296614109064587
42006852,4.585329536047261,6.632258056859059,8.512841102305595,5.576114861595301,9.125229662625815,9.771763518258947,3.4228576339900356,3.902608004573519,10.056318350717738,5.9531656584660135,8.889967764088354,9.107001218728298,5.752369755633162,4.063466767619368,6.835659156565973,2.2244131668529668,4.416934288052657,2.934149047313659,5.78768440269322,1.710874118184982,10.306858226900244,3.443469425074532,4.459271133339605,3.5104672883509638,3.3653878371288304,4.039547760042509,9.460666813467293,4.366537330939909,5.3021740943454025,1.1223322027972369,1.4800897925569798,4.956465060284734,3.676403037196845,10.397385370994865,3.392509183034026,4.511868320747373,4.242328412055671,3.895551075848459,3.0282617067230575,10.093534811006577,8.427923703746835,3.9478097510139576,9.958675656451884,6.407794941515422,5.766229913555442,5.328990896265472,0.8384770729722328,1.5533765625468712,3.917138636270346,3.149613139636041,9.6981829533016,9.642005279562788,5.553967247104486,0.755646111428217,0.0,6.672474607275898,4.029799393285168,6.103939533943809,4.211361626072051,4.864345898829304,6.183881843155596,3.8577702260734346,3.1588829519985486,2.8760448787710837,10.360286133086726,4.929538627631132,1.4936707023109836,3.194874725851402,4.0838890837512265,3.5211963915476665,10.855384366740617,3.5721412395310876,5.741792050623304,3.889280329214185,0.8062264593440206,8.826335860160876,2.3082435177463,3.594589816573044,1.660100555530283,1.0147188750777558,4.7337833909418965,4.139917219022079,3.446042099185667,2.6085279304702524,4.438816578889401,3.17287018980113,3.8941584660366084,2.4794005566282578,2.0143777462354615
42048372,3.02665427737793,4.505651808863746,2.680475631937851,3.857195553992275,3.2928641922580715,3.945830746782094,5.435262428212855,3.0057573981964056,5.31401587405121,4.173425296423792,3.05760229372061,3.458104866378658,2.135864170477041,2.8615375047037106,2.861175503502272,5.065052171874289,2.5550873504187206,4.154733699421546,4.248415857693949,6.36314487267317,4.4744927565325,3.284431056085558,4.200887208648234,4.912791194785322,4.663294791146694,2.6415807969440346,3.8755210092046366,5.849842141534645,3.8355697095813768,5.55014240447866,6.596146335256482,3.081033662410345,3.3017633801254043,4.57145259951801,4.8363242638515995,3.417146794998435,2.899443444693939,3.203382972786896,4.688617648210554,4.2611693406388325,2.6019909322699815,3.228074542482823,4.132742884975032,2.0581704615142407,3.7447392425875536,3.3075002252975834,7.118412612811888,5.62250773094991,3.636114171441905,4.979116961900564,4.113037149038947,3.8160725080859366,3.635389624205249,7.428120718704115,6.672474607275897,0.0,2.686914425923436,4.065150492163479,3.652668498424673,4.418828357617483,0.853608623897927,3.017915542277202,4.748119627564062,5.470939087956926,4.534353361609872,4.303955703157576,7.674470478290141,4.010638559071756,3.0053853278092677,3.6843168933754917,5.029451595263764,3.1557592416290023,4.285498136629761,2.7918482277723586,7.259725251533225,3.000403088684022,5.66051701396163,3.5664448517749765,5.0123740517456135,7.195518651056913,3.213845710771401,3.7726684279525684,5.392864280817722,4.307420269052454,2.477131620633306,5.388860275901698,6.3946862345564535,7.046205324076796,6.6407692311450255
1506134788,1.6899325631192423,4.4459421503806285,4.5272809209531335,3.6482145071824332,5.139669481273355,5.786203336906487,2.893241240814749,0.9956853320463136,6.706200395347931,3.2333425891469396,4.904407582735893,5.2984774565030515,2.094966721754379,0.5263481291868926,2.8500989752135113,2.4223769578835577,0.4313741067001947,1.5120584854308152,3.449337984871772,3.983574335113884,6.321298045547784,0.6525905109820505,2.8641654943895447,2.270115980794591,2.0206195771559634,0.0543795603189303,5.715893599329028,3.5703733345616624,2.5556873610775557,2.907467190487929,4.216575797697195,2.056597503122485,0.7089315136697922,6.4118251896424034,2.9766764348637884,1.6049456482201672,0.2125290187705035,0.5715424276833883,2.0459424342198234,6.107974629654116,4.442363522394373,1.4131870751481959,5.9731154750994255,2.7503919076366383,2.0397610260967265,1.602522008806756,4.738842075252601,3.8076202636152825,0.9934389574511754,2.733780391465803,5.953409739163337,5.65644509821033,3.8947960143967966,4.785445504713383,4.029799393285166,2.6869144259234363,0.0,3.272249199773,2.315946784165985,2.0993536626909917,2.1983216618031354,0.4031055967880353,2.9332321602294362,3.078018774722369,6.374725951734265,2.164032820627507,5.294899940730854,1.3679633450810256,1.1904978604746406,1.0416416793847616,6.869824185388158,0.5239186965254949,2.3916740952534967,0.16000768266885132,4.836025852629187,4.840775678808414,3.0178417999709,1.4637847540002376,2.369698837754883,4.815948113497626,1.037338570646384,1.3749249828837673,2.7501890668269913,1.9278497314931682,0.742371758593889,2.7525784069867925,4.076225992782692,4.409923455161891,4.261198693585739
42045070,2.0203943594867475,1.6411945274369437,6.1698242601754645,1.310450392383144,6.782212820495686,7.517666921228553,5.560740521413345,2.2765638677266873,8.88585204849767,0.5181929274689078,6.546950921958224,7.0299410408251175,2.9442034588185297,3.798597328959893,4.68396727765141,4.66805072939161,3.6485494256532673,4.179557766029411,0.9192300886814704,6.732635059338968,7.963841384770115,2.805503461777999,2.012087452595317,4.937615261393187,4.68811885775456,3.262508947932474,7.447357183651094,6.799665878107209,1.560379901130025,5.049784554138013,6.96563652192228,1.765858495614056,2.572569849655686,8.14328877396447,3.775252334616722,2.6879532645287165,3.4847782185435046,3.078753020169277,4.555247847279035,7.750517968876447,6.173827106716439,2.483086249926698,7.704579059421492,2.6251403008481953,4.897657034960153,4.460418017670182,6.452828360599021,4.550562971396935,3.8833319814710174,3.968904790925364,7.684873323485403,7.387908682532396,1.5478333765231687,6.859585645372023,6.103939533943806,4.065150492163479,3.272249199773001,0.0,2.192887110827762,5.312694432796282,4.015977417966968,3.033959489789853,3.6870476983291844,4.629048874163551,8.10618953605633,5.37788716159811,7.108021989937772,4.035462625679622,2.260397035253143,3.7091409599833574,8.601287769710222,2.755343183851906,5.438120808611251,3.1122415171041498,6.1877804919802495,6.516937894888719,5.160159163620983,2.837251321305258,4.5120162014049665,6.629070162704544,4.309587770419385,4.588265752989058,5.417688347425587,5.16339225137426,3.60984135034213,4.652611630067023,7.311768512663781,6.30995667824212,6.853255185806347
42037890,0.6260142210467428,2.721205633743014,5.493034993454368,1.6650624384792572,6.10542355377459,6.751957409407723,4.604438105806329,1.3202614521196718,8.12014253667684,2.0421132353499694,5.870161655237128,6.264231529004287,2.4946779324557933,2.8422949133528776,3.8265306940482584,3.7072777295503654,2.6922470100462514,3.223255350422396,1.8766319795771755,5.432647497940013,7.287052118049019,1.8492010461709834,0.5482187102235601,3.9813128457861717,3.7318164421475437,2.306206532325458,6.681647671830263,5.843363462500195,1.3911216712293581,4.089011554296766,5.20186317231201,1.6495069641113962,1.6162674340486705,7.377579262143639,1.8826744267449664,1.731650848921701,2.5284758029364887,2.1224506045622613,3.5944748474377897,7.073728702155351,5.408117594895609,1.5223132500854515,6.938869547600661,3.1501031183380532,4.025776255482022,3.5885372381920506,4.560250452727265,2.6579850635251807,2.9270295658640015,2.0763268830536084,6.919163811664573,6.622199170711566,1.642914823988442,4.967007737500269,4.211361626072051,3.6526684984246733,2.3159467841659853,2.1928871108277614,0.0,4.356392017189266,3.164075734304372,2.077657074182837,1.794469790457429,2.7364709662917956,7.340480024235501,4.421584745991094,5.215444082066016,3.0791602100726063,1.2996240354118962,2.752838544376342,7.835578257889393,1.7990407682448901,4.5662400291331195,2.155939101497134,4.295202584108495,5.806529751309649,4.199386163779737,1.8809489056982425,3.55124320156372,4.736492254832788,3.3532853548123684,3.6319633373820417,4.4613859318185725,4.207089835767244,2.7379605708639976,3.691838630225776,6.355466097056764,5.349183678400875,5.8924821859651
42015515,3.730377796142524,6.48638738340391,6.259194852647179,5.688659740205715,6.8715834129674,7.302921402812469,2.949313283121047,3.0361305650695947,7.4843806983883105,5.273787822170222,6.636321514429938,6.535063566398869,3.8420274346281005,1.7188346352322423,4.582012906907557,3.579766151041325,2.5307277693911865,2.6694476785885826,5.489783217895054,4.311542571979767,8.05321197724183,2.507190971018283,4.904610727412827,3.014182659578009,2.6722134234150787,2.153733223009922,6.888729161137863,3.1469666677164567,4.596132594100838,3.7420136960320667,4.544544034563079,4.097042736145767,2.740124583140596,7.9285432555483855,4.171203043380345,3.645390881243448,1.886824643920488,2.6708960903743804,2.790009113003242,7.839888561348161,6.005615217113836,3.453632308171477,7.4898335410054075,4.49745262051036,3.259349167492579,2.822110150202608,5.066810312118484,5.054800815016562,1.8036050830965067,3.92830699998236,7.1262453009721725,7.088962175608245,5.93524124742008,5.619992010257521,4.864345898829304,4.418828357617481,2.0993536626909917,5.312694432796283,4.3563920171892665,0.0,3.9302355934971804,2.502459259479027,4.8281778105222415,4.272545383238926,7.891444017640247,0.1148726544599065,5.622868177596738,2.112030023864444,3.2309430934979217,1.78570835816818,8.386542251294138,2.623272359216487,3.3971599182361794,2.259361345359843,5.670572358173325,6.390299848828943,4.175230993128668,2.658311362516795,3.527088030912651,5.14391635036351,2.3891512585547696,0.7244286798072243,2.806261109133289,2.255817968359051,1.980796582190939,3.9099676001445602,4.276053948358041,5.567312648319659,4.589166930451622
42048933,2.5380615132576296,4.154135436075895,2.3289592591499995,3.5056791812044237,2.94134781947022,3.58788167510335,4.946669664092555,2.5171646340761042,4.956066802372466,4.024632173530461,2.706085920932759,3.1001557946999143,1.8230682929589754,2.3729447405834088,2.5030015646944754,4.576459407753987,2.0664945862984196,3.666140935301244,3.8968994849060974,5.8745521085528685,4.122976383744649,2.7958382919652567,3.7122944445279322,4.42419843066502,4.174702027026392,2.152988032823733,3.5175719375258927,5.361249377414344,3.3469769454610763,5.061549640358359,6.10755357113618,2.592440898290044,2.813170616005103,4.213503527839267,4.347731499731299,2.9285540308781335,2.410850680573638,2.7147902086665945,4.200024884090252,3.9096529678509806,2.2440418605912376,2.7394817783625216,3.7747938132962884,2.059886966221568,3.2561464784672527,2.8189074611772824,6.629819848691586,5.133914966829609,3.1475214073216033,4.490524197780262,3.7550880773602024,3.4581234364071927,3.2838732514173974,6.939527954583814,6.183881843155596,0.853608623897927,2.1983216618031345,4.015977417966968,3.1640757343043724,3.9302355934971795,0.0,2.5293227781569008,4.259526863443762,4.982346323836624,4.176404289931129,3.815362939037273,7.185877714169839,3.5220457949514543,2.5167925636889663,3.19572412925519,4.671502523585021,2.667166477508701,3.796905372509461,2.3032554636520572,6.771132487412924,2.642454017005278,5.171924249841329,3.0778520876546747,4.5237812876253125,6.706925886936611,2.7252529466511,3.2840756638322666,4.9042715166974205,3.8188275049321527,1.9885388565130047,4.900267511781396,5.906093470436152,6.557612559956494,6.152176467024724
42031373,1.451642853136094,4.20765244039748,4.858282037306898,3.409924797199285,5.4706705976271195,6.1172044532602525,3.0035936141370345,0.7573956220631652,7.109305992135967,2.995052879163792,5.235408699089658,5.629478572856818,2.425967838108145,0.9294537259749278,3.181100091567277,2.3537041985297953,0.7623752230539609,1.6224108587531005,3.2110482748886238,4.38667993190192,6.652299161901548,0.4143008009989021,2.625875784406397,2.380468354116876,2.1309719504782487,0.3763347453331674,6.046894715682794,3.9734789313496988,2.3173976510944074,2.7354380232761963,4.619681394485232,1.8183077931393365,0.47064180368664377,6.742826305996169,2.7383867248806397,1.366655938237019,0.6156346155585388,0.33325271770024,2.1562948075421087,6.4389757460078805,4.773364638748139,1.1748973651650474,6.304116591453191,3.081393023990405,2.3707621424504928,1.933523125160522,4.696247299045666,3.569330553632134,1.1037913307734606,2.4954906814826545,6.284410855517104,5.987446214564096,3.6565063044136488,4.613416337501651,3.8577702260734332,3.0179155422772017,0.40310559678803526,3.033959489789852,2.077657074182837,2.5024592594790267,2.5293227781569008,0.0,2.694942450246287,2.8397290647392204,6.705727068088031,2.567138417415542,5.351440928384417,1.4783157184033109,0.9522081504914921,1.151994052707047,7.200825301741923,0.2856289865423466,2.794779692041532,0.2508714373932678,4.663996685417454,5.171776795162179,2.8458126327591673,1.2254950440170889,2.19766967054315,4.872489101151189,1.4404441674344193,1.7780305796718028,2.8605414401492766,2.330955328281204,1.0794550947564467,2.5805492397750593,4.479331589570727,4.237894287950157,4.53890865494453
9529496310,2.416344114119948,4.2153662212444365,6.58848612259376,3.1592230259806797,7.200874682913981,7.847408538547113,4.66468168483596,1.9375468281831218,9.21559366581623,3.536273822851393,6.965612784376519,7.3596826581436785,3.590923852452791,3.4595802894163272,4.916903443491872,3.6051895029294396,3.3095323861097015,3.3982739614074653,3.3707925670785985,4.380168823866511,8.38250324718841,2.4664864222344334,2.042379297724983,3.9745922024447706,3.829512751222637,2.923491908388908,7.777098800969655,6.31514925583317,2.885282258730781,3.9869233276758402,4.149384498238509,2.7874796383574227,2.2335528101121205,8.473030391283032,0.9650305454381023,2.3532144702885747,3.1457611789999387,2.7397359806257113,3.492386620816864,8.169179831294741,6.5035687240349995,1.5200450850812397,8.034320676740052,4.246349038335051,4.917919305506232,4.480680288216262,3.5077717786537628,1.8707573351982985,3.5443149419274516,1.1586830017467444,8.014614940803964,7.717650299850956,3.1370754114898647,3.914529063426765,3.1588829519985477,4.748119627564063,2.9332321602294353,3.6870476983291844,1.7944697904574292,4.828177810522242,4.259526863443762,2.694942450246287,0.0,1.3580568489445208,8.435931153374893,4.893370539324071,4.162965407992513,3.5509460034055818,1.742734299754795,3.2246243377093173,8.931029387028785,2.41632614430834,5.324906255482931,2.773224477560584,3.242723910034991,6.90198088044904,4.097297937158811,2.4975182504494513,3.449154974942794,3.6840135807592858,3.970570730875819,4.103749130715018,4.521629510848202,4.67887562910022,3.6266122578121873,2.87095025238102,6.827251890389741,4.242580140154061,5.117689563026059
42027639,3.1468763417747514,5.157367397078804,7.311305582986622,4.101224201815047,7.923694143306843,8.570227998939973,4.109049257552645,2.46518168976052,9.548668076969541,4.478274998685759,7.688432244769381,8.082502118536539,4.314943440820165,3.555816493871167,5.639722903884735,3.0495570756461245,3.4543190006026356,2.84264153412415,4.312793742912965,4.097330750639048,9.105322707581273,2.4254282637403186,2.9843804735593493,3.418959775161455,3.2738803239393217,3.068278522881842,8.499918261362517,5.759516828549855,3.8272834345651474,3.4312909003925256,3.866546425011046,3.5180118660122264,2.6583618758626315,9.195849851675892,1.3221281344561404,3.0744420059343733,3.290547793492873,2.8775099145142455,2.936754193533549,8.891999291687606,7.2263881844278615,2.462046260915606,8.757140137132911,4.970368626702424,5.062705919999166,4.625466902709196,3.2249337054262988,1.5879192619708344,3.0024954330663385,1.0792320910581552,8.737434401196824,8.440469760243817,4.079076587324231,3.631690990199301,2.8760448787710837,5.470939087956926,3.0780187747223695,4.629048874163551,2.7364709662917956,4.272545383238926,4.982346323836624,2.8397290647392213,1.3580568489445208,0.0,9.158750613767753,4.337738112040755,3.88012733476505,2.9953135761222667,2.6454358894787178,2.6689919104260023,9.653848847421644,2.5541000781968743,5.234141776875103,2.918011092053518,2.959885836807527,7.624800340841902,3.5416655098754966,2.2881320822073143,2.8935225476594795,3.4011755075318217,4.115357345368753,3.548116703431702,3.9659970835648872,4.123243201816904,3.7713988723051215,2.313196515952665,6.2716194631064255,3.6848264037257055,4.834851489798596
42070173,6.714465803188758,7.532477713471546,2.912225649895506,6.884021458600076,2.105956019569555,0.588522614827779,8.982695898659827,6.693568924007231,4.51389068279255,7.592668245837542,2.7920044754930538,1.8903215017897663,5.999472582890104,6.549349030514539,5.280655260625756,8.752863697685115,6.242898876229549,7.842545225232373,7.27524176230175,9.910578343120141,1.3199255798773075,6.972242581896384,7.535992134421476,8.600602720596148,8.351106316957521,6.329392322754861,1.7209544270687234,9.497377342567919,7.523381235392205,9.237953930289487,10.143579805703451,6.768845188221172,6.989574905936229,0.0370992379081384,8.524135789662425,7.10495832080926,6.587254970504766,6.891194498597722,8.37642917402138,1.1376508711887936,1.932362429339891,6.915886068293649,0.7754347530207173,6.236291256152696,7.019652754110123,6.995311751108411,10.66584608325886,9.310319256760737,7.323925697252732,8.66692848771139,1.7571685930499414,1.1965998176250152,6.66221552881305,11.115932244514939,10.360286133086722,4.534353361609872,6.374725951734263,8.106189536056332,7.3404800242355,7.891444017640248,4.176404289931129,6.705727068088028,8.435931153374886,9.158750613767753,0.0,7.7765713631803415,11.221903948737115,7.698450084882583,6.693196853620094,7.3721284191863194,0.4950982336538916,6.843570767439829,5.780188440283054,6.479659753583185,10.947536777344052,2.174433811990262,9.348328539772458,7.254256377585802,8.700185577556441,10.742952121503885,6.901657236582229,7.394320857775328,9.005880363855459,7.854853739499426,6.164943146444133,9.076671801712525,10.00323000078895,10.734016849887622,10.188202701591994
42017200,3.795570524944352,6.551580112205738,6.144322198187273,5.753852469007543,6.756710758507494,7.188048748352562,3.0641859375809535,3.1013232938714226,7.369508043928404,5.3389805509720505,6.521448859970032,6.420190911938962,3.727154780168194,1.7840273640340698,4.467140252447651,3.644958879843153,2.447013590526049,2.7346404073904105,5.554975946696882,4.376735300781594,7.938339322781923,2.572383699820111,4.969803456214655,3.0793753883798374,2.7374061522169066,2.218412380946438,6.773856506677956,3.261839322176363,4.661325322902666,3.8072064248338946,4.609736763364906,3.9967124224777533,2.805317311942424,7.813670601088479,4.236395772182172,3.710583610045276,1.951503801857004,2.735575248310896,2.8552018418050698,7.725015906888255,5.890742562653929,3.518825036973305,7.374960886545501,4.382579966050454,3.1444765130326724,2.707237495742702,5.132003040920312,5.11999354381839,1.8687978118983346,3.9934997287841876,7.011372646512266,6.974089521148338,6.000433976221908,5.685184739059349,4.929538627631132,4.303955703157575,2.1640328206275075,5.377887161598112,4.421584745991095,0.1148726544599065,3.8153629390372745,2.567138417415543,4.893370539324069,4.337738112040753,7.776571363180341,0.0,5.688060906398565,2.177222752666272,3.2961358222997497,1.850901086970008,8.271669596834231,2.6879515171530026,3.307242072046488,2.324040503296359,5.735765086975153,6.275427194369036,4.2404237219304965,2.723504091318623,3.5922807597144795,5.209109079165337,2.454343987356597,0.7896214086090522,2.9211337635931955,2.321010697160879,1.8659239277310327,3.975160328946388,4.341246677159869,5.632505377121486,4.65435965925345
42004458,5.841458303112759,7.636340512853024,9.514836973319841,6.580197317589266,10.127225533640061,10.633381333909337,4.72695021485708,5.369393950109805,10.814840629485175,6.957248114459978,9.8919636351026,9.865523497495735,7.022770974379475,4.821989046386805,7.837655027580219,3.7180838691639506,5.726274047431052,4.427819749624642,6.791766858687184,1.4284549106910027,11.308854097914491,4.937140127385516,5.46335358933357,5.004137990661948,4.859058539439813,5.3492795010497876,10.21918909223473,5.268131039066306,6.306256550339367,2.6160029051082208,1.1976705850630005,6.219326760284105,5.17007373950783,11.259003186645256,4.396591639027992,5.785061592215259,5.082370921960354,5.389221778159443,4.52193240903404,11.095530682020824,9.336075148210705,4.951892207007923,10.820293472102275,7.678196160261735,6.524752192322879,6.087513175032909,0.6551936293387509,2.557459018540836,5.021353110912173,4.153695595630007,10.456705232069037,10.419422106705111,6.558049703098451,1.6217143422576052,1.4936707023109839,7.674470478290144,5.294899940730858,7.1080219899377735,5.215444082066016,5.6228681775967395,7.185877714169842,5.3514409283844175,4.162965407992513,3.880127334765049,11.221903948737117,5.688060906398569,0.0,4.688545428162385,5.174581421681478,5.003456385983847,11.717002182391008,5.065811941842071,6.500314329390741,5.382951031525168,1.810308915337986,9.720759779925812,3.801914220057284,5.088260518884028,3.153771257841267,0.4789518272332279,5.492305669709332,4.898439497789515,4.750134680052714,3.6111307342850605,5.197338857656837,4.666540892112114,3.888752137647221,3.9730712589392407,2.1659756498505507
42019387,2.4531459890258636,5.209155576287249,5.851005054101452,4.411427933089055,6.4633936144216735,7.109927470054806,1.5252778957337236,1.7588987579529338,7.388152717595059,3.996556015053561,6.228131715884212,6.438835585605617,3.4186908549026986,1.395301134496685,4.173823108361831,1.5196293500903086,1.7550982398485147,0.8605628738398658,4.212551410778393,3.75539302825512,7.645022178696102,1.2299591639016223,3.627378920296166,0.9021526357135652,0.6593557699795409,1.3777117118383673,6.792501180344611,3.408983647476228,3.3189007869841767,2.072542523054165,3.988394490838432,2.8198109290291065,1.4628927760239352,7.735549322790722,2.893971236263685,2.3681590741267873,1.5804923638515291,1.4105214911810162,0.6779790891387978,7.4316987628024345,5.766087655542692,2.176400501054816,7.296839608247744,4.074116040784959,3.0980642804327605,2.6608252631427893,4.0333517988236345,3.7775690078999014,0.8419800736918559,2.6510751928657,7.030017320178921,6.980169231358649,4.6580094403034185,3.9505208372796194,3.194874725851402,4.010638559071755,1.3679633450810256,4.035462625679622,3.0791602100726063,2.112030023864444,3.5220457949514548,1.4783157184033109,3.5509460034055818,2.9953135761222662,7.698450084882584,2.177222752666272,4.688545428162385,0.0,1.9537112863812607,0.3263216656962641,8.193548318536475,1.3586309783581778,3.073626417500622,1.2274442810100432,4.001101185195423,6.164499811956732,2.182917132537136,1.3810795554001345,1.534774170321119,4.209593600929157,2.0656177578192123,1.38760134405722,1.3822257217459657,1.5801891582062226,1.7706509457667177,1.9176537395530282,3.9606232659547373,3.574998787728126,3.8760131547224983
42034134,0.6736098143651532,3.43408998586077,4.845751822838964,2.6363623426625757,5.4581403831591855,6.1046742387923185,3.4789891821149843,0.1948125284283269,7.472859366061434,2.221490424627083,5.222878484621724,5.616948358388883,1.848189552697997,1.716845989661533,3.1741691437370765,2.5798230562075886,1.5667980863549067,2.0978064267310503,2.4374858203519145,4.644407386154944,6.639768947433614,0.7237521224796384,1.847842745635456,2.8558639220948256,2.606367518456198,1.1807576086341132,6.034364501214859,4.71791453880885,1.5438351965576982,2.9615568809539896,4.877408848738256,1.0447453386026275,0.4908185103573255,6.730296091528235,1.8309389360423325,0.6104801705337799,1.403026879245144,0.9970016808709161,2.4670201740950137,6.4264455315399465,4.760834424280205,0.2226892146735552,6.291586376985257,2.5036147385802567,3.1751850057514392,2.737945988461468,4.519387792342727,2.617122403140642,1.8015806421726563,2.0245913923509744,6.271880641049169,5.974916000096162,2.8784732656427074,4.839535195179444,4.0838890837512265,3.0053853278092673,1.1904978604746403,2.260397035253143,1.299624035411896,3.2309430934979204,2.5167925636889668,0.9522081504914922,1.742734299754795,2.645435889478718,6.693196853620097,3.2961358222997483,5.174581421681477,1.9537112863812607,0.0,1.6273896206849965,7.188295087273989,0.673591844553545,3.582171955728137,1.030490177805789,4.254339923723956,5.159246580694245,3.0719314904369606,0.7547839506946565,2.4237885282209435,4.695629594448249,2.227836431121024,2.5065144136906965,3.3359370081272264,3.081640912075899,1.8838779580573926,2.564383956883,5.23001717336542,4.221729005058098,4.765027512622323
42022955,2.1268243233295987,4.882833910590985,5.524683388405188,4.08510626739279,6.137071948725409,6.783605804358541,1.851599561429988,1.4325770922566698,7.061831051898793,3.6702343493572966,5.901810050187947,6.112513919909351,3.092369189206435,1.0689794688004206,3.8475014426655667,1.8459510157865726,1.428776574152251,1.0658942057756575,3.8862297450821286,3.692130780366874,7.318700512999838,0.9036374982053583,3.3010572545999017,1.2284743014098292,0.9789778977712018,1.0513900461421035,6.466179514648345,3.2726798034791087,2.9925791212879123,2.3988641887504287,3.925132242950186,2.493489263332842,1.1365711103276712,7.4092276570944575,2.5676495705674216,2.0418374084305233,1.2541706981552654,1.084199825484752,1.0043007548350618,7.10537709710617,5.4397659898464275,1.850078835358552,6.97051794255148,3.747794375088695,2.771742614736495,2.334503597446525,4.359673464519897,3.4512473422036374,0.5156584079955918,2.3247535271694364,6.7036956544826545,6.653847565662384,4.331687774607154,4.276842502975883,3.5211963915476656,3.6843168933754917,1.0416416793847618,3.709140959983357,2.7528385443763415,1.7857083581681803,3.1957241292551903,1.1519940527070471,3.224624337709318,2.6689919104260023,7.3721284191863194,1.8509010869700082,5.003456385983845,0.3263216656962641,1.6273896206849967,0.0,7.867226652840212,1.0323093126619138,2.7473047518043576,0.9011226153137794,4.327422850891686,5.838178146260468,2.5092387982333997,1.0547578897038705,1.8610958360173828,4.524504558750617,1.7392960921229481,1.061279678360956,1.70854738744223,1.636406176746158,1.4443292800704532,2.243975405249292,3.7847824380356814,3.9013204534243897,3.9697551388387287
42071604,7.20956403684265,8.027575947125438,3.4073238835493975,7.379119692253968,2.303170630334534,1.0836208484816705,9.47779413231372,7.188667157661123,5.00898891644644,8.087766479491433,3.2871027091469456,2.3854197354436577,6.494570816543996,7.044447264168431,5.775753494279649,9.247961931339008,6.737997109883441,8.337643458886266,7.770339995955642,10.405676576774034,1.6979008525820691,7.467340815550276,8.031090368075368,9.09570095425004,8.846204550611414,6.824490556408754,2.2160526607226148,9.992475576221812,8.018479469046097,9.73305216394338,10.638678039357345,7.263943421875064,7.484673139590122,0.53219747156203,9.019234023316317,7.600056554463152,7.082353204158658,7.386292732251614,8.871527407675272,1.6327491048426852,2.427460662993783,7.410984301947541,1.270532986674609,6.731389489806587,7.514750987764015,7.490409984762303,11.160944316912753,9.805417490414625,7.819023930906624,9.162026721365283,2.2522668267038326,1.6916980512789066,7.157313762466941,11.611030478168832,10.855384366740616,5.029451595263764,6.869824185388155,8.601287769710222,7.835578257889393,8.386542251294141,4.671502523585021,7.20082530174192,8.931029387028778,9.653848847421646,0.4950982336538916,8.271669596834235,11.717002182391008,8.193548318536475,7.1882950872739855,7.867226652840212,0.0,7.338669001093721,6.2752866739369475,6.974757987237077,11.44263501099794,2.669532045644154,9.843426773426351,7.749354611239695,9.195283811210334,11.238050355157778,7.396755470236121,7.88941909142922,9.500978597509352,8.349951973153319,6.660041380098026,9.571770035366416,10.498328234442843,11.229115083541513,10.683300935245887
42031007,1.1730265471981471,3.9290361344595324,4.996125736658699,3.131308491261338,5.60851429697892,6.255048152612052,2.8839088740919014,0.47877931612521824,7.230119091873426,2.7164365732258444,5.373252398441458,5.7673222722086175,2.3285410671848625,1.0502668257123873,3.3189437909190778,2.0680752119874484,0.9002189224057611,1.5027261187079672,2.932431968950677,4.132659541934804,6.790142861253349,0.1286718144565555,2.34725947846845,2.2607836140717428,2.0112872104331156,0.5141784446849677,6.184738415034594,4.094292031087158,2.03878134515646,2.4498090367338494,4.365661004518116,1.5396914872013894,0.18501281714429718,6.880670005347969,2.4527577383382932,1.0880396322990717,0.7364477152959983,0.3234098363173711,1.9552723298748735,6.576819445359681,4.9112083380999385,0.8962810592271003,6.441960290804991,2.9839662530671225,2.508605841802293,2.0713668245123222,4.410618312503319,3.2907142476941873,1.1279887976191114,2.209861694940308,6.422254554868903,6.125289913915895,3.377889998475702,4.327787350959303,3.5721412395310863,3.1557592416290023,0.5239186965254948,2.7553431838519047,1.79904076824489,2.623272359216487,2.6671664775087014,0.2856289865423466,2.41632614430834,2.554100078196874,6.8435707674398305,2.6879515171530017,5.065811941842069,1.3586309783581778,0.6735918445535451,1.0323093126619136,7.338669001093723,0.0,2.915592791778991,0.3639110138566436,4.378367698875107,5.309620494513979,2.5601836462168204,0.9398660574747426,1.9120406840008035,4.586860114608841,1.5612572671718787,1.8988436794092625,2.7408567001041435,2.451768428018663,1.217298794108247,2.294920253232713,4.600144689308185,3.9522653014078104,4.2532796684021825
42041675,3.9402258080863763,6.639396029592896,5.403991491127392,5.8416683863947005,6.083609810701191,5.191665825455274,4.261106279313454,3.3873594272998098,5.373125121031115,5.426796468359208,4.896614934974539,4.4238079890416735,3.725047550809232,1.8687304667795919,3.9352800449312095,4.5413625446775026,2.444906361167087,3.6310440722247597,5.64279186408404,5.188988723773768,6.636281010084039,3.044264606235547,5.11445873935668,3.975779053214187,3.633809817051256,2.4460536555724266,4.777473583780667,4.775787723221547,4.749141240289823,4.619459847826068,5.42199018635708,3.994605193118791,3.1006056089232885,5.817287678191191,5.132799437016523,3.996619743473663,2.179145076482993,2.963216522936885,3.7516055066394194,6.454006301395524,3.8943596397566416,3.804861170401692,5.378577963648213,4.380472736691492,1.867695231467109,1.9251141807123486,5.9442564639124855,6.01639720865274,2.7652014767326833,4.889903393618537,5.014989723614978,4.97770659825105,6.09332879875808,6.497438162051523,5.741792050623306,4.285498136629761,2.3916740952534963,5.438120808611251,4.5662400291331195,3.397159918236178,3.796905372509461,2.7947796920415318,5.324906255482931,5.234141776875103,5.780188440283053,3.3072420720464883,6.500314329390739,3.0736264175006216,3.582171955728137,2.747304751804357,6.275286673936945,2.9155927917789914,0.0,2.5516817779223477,6.548018509967327,4.279044271471748,5.0783221491529345,3.6199077561529722,4.430179186936918,6.021362502157511,2.5890798242319706,2.672731238428954,4.284290744509086,3.133264120153052,1.8655767459256827,4.871563993780738,5.281640381442573,6.528909041955835,5.466613082245623
1723784553,1.529924880450391,4.285934467711777,4.632214722802056,3.488206824513582,5.244603283122277,5.8911371387554095,2.752722176743767,0.8356776493774623,6.866208078016784,3.073334906478089,5.009341384584816,5.403411258351974,2.1999005236033016,0.6863558118557438,2.955032777062434,2.2818578938125755,0.5363079085491176,1.3715394213598329,3.289330302202921,4.143582017782736,6.426231847396706,0.4925828283131991,2.704157811720694,2.1295969167236084,1.880100513084981,0.1502674308283241,5.82082740117795,3.7303810172305143,2.3956796784087047,2.766948126416947,4.3765834803660475,1.8965898204536336,0.5489238310009408,6.516758991491326,2.816668752194937,1.4449379655513157,0.3725367014393548,0.41153474501453696,1.905423370148841,6.212908431503038,4.547297324243296,1.2531793924793444,6.078049276948348,2.8553257094855615,2.1446948279456493,1.7074558106556788,4.727757402186416,3.647612580946431,0.8529198933801928,2.5737727087969517,6.05834354101226,5.761378900059253,3.734788331727946,4.644926440642401,3.8892803292141838,2.7918482277723586,0.1600076826688513,3.1122415171041493,2.155939101497134,2.259361345359843,2.3032554636520577,0.2508714373932678,2.7732244775605848,2.9180110920535176,6.479659753583188,2.3240405032963585,5.382951031525167,1.2274442810100434,1.030490177805789,0.9011226153137792,6.97475798723708,0.3639110138566436,2.551681777922348,0.0,4.695506788558205,4.945709480657336,2.877322735899918,1.3037770713313859,2.2291797736839007,4.903999204291939,1.197346253315235,1.5349326655526188,2.609670002756009,2.08785741416202,0.8533877802516037,2.61205934291581,4.236233675451542,4.269404391090909,4.421206376254592
4579601874,4.921216805155238,6.716099014895502,9.10009174656292,5.659955819631745,9.71248030688314,10.35901416251627,4.229084093334055,4.449152452152283,10.86254481006176,6.037006616502457,9.47721840834568,9.871288282112836,6.102529476421954,4.86969322696339,7.428509067461033,3.0306396261969875,5.223160747396677,3.740375506657679,5.871525360729663,2.0275123312119847,10.89410887115757,4.249695884418552,4.543112091376049,4.316693747694985,4.171614296472851,4.845774219386529,10.266893272811314,5.1727637902839305,5.386015052381846,1.9285586621412576,1.7967280055839823,5.299085262326583,4.4826294965408655,10.984636015252189,3.4763501410704696,4.8648200942577375,5.048554871399692,4.701777535192479,3.8344881660670778,10.680785455263903,9.01517434800416,4.0316507090504015,10.545926300709208,6.757954662304214,6.572456372899464,6.135217355609494,1.1551152859992353,1.6372175205833146,4.7233650956143665,3.2334540976724844,10.504409412645622,10.229255923820114,5.63780820514093,1.5618725707722374,0.8062264593440206,7.259725251533223,4.836025852629189,6.187780491980252,4.295202584108495,5.670572358173325,6.771132487412921,4.6639966854174535,3.242723910034992,2.959885836807527,10.94753677734405,5.735765086975153,1.810308915337986,4.001101185195423,4.254339923723957,4.327422850891686,11.442635010997941,4.378367698875107,6.548018509967326,4.695506788558205,0.0,9.413586504418202,3.114469977090321,4.400816275917065,2.4663270148743037,1.3313570881047583,5.540009850285918,4.9461436783661,4.252268558529687,3.414754389814273,5.2450430382334225,3.9790966491451503,4.487809558168202,3.2856270159722776,2.765033070371532
42062206,5.180515530262908,5.943226072303937,1.1249472196556445,5.294769817432467,1.9564461579966725,1.5859111971624835,7.481551729848523,5.159618651081381,3.1083462254001617,6.003416604669933,0.6175706635027913,1.098185316759048,4.4655223099642525,5.015398757588688,3.7467049876999057,7.218913424759265,4.708948603303698,6.308594952306522,5.685990121134141,8.409434174308839,3.0194982533985426,5.438292308970533,5.946740493253867,7.066652447670298,6.8171560440316705,4.795442049829011,1.658214708649762,7.996233173756616,5.989430962466355,7.704003657363636,8.642435636892149,5.234894915295322,5.4556246330103795,2.211533049898401,6.990185516736576,5.57100804788341,5.053304697578915,5.357244225671871,6.8424789010955305,2.8372235447100285,0.39841215641404015,5.3819357953677995,1.772823335355422,4.702340983226846,5.518508585298818,5.46136147818256,9.164701914447557,7.776368983834886,5.789975424326881,7.132978214785539,1.8957308484840718,1.4561529584663262,5.072963887645441,9.581981971589089,8.826335860160873,3.000403088684022,4.840775678808412,6.516937894888725,5.80652975130965,6.390299848828943,2.6424540170052775,5.171776795162177,6.901980880449038,7.624800340841901,2.1744338119902626,6.275427194369036,9.720759779925812,6.164499811956732,5.159246580694244,5.838178146260469,2.669532045644154,5.309620494513978,4.279044271471749,4.945709480657334,9.4135865044182,0.0,7.814378266846606,5.720306104659953,7.1662353046305896,9.241807952692582,5.367706963656378,5.893176688964023,7.504736195044156,6.353709570688121,4.630992873518283,7.542721528786676,8.502085831977643,9.200066576961772,8.687058532780691
42015152,3.573371942732994,6.333852114228612,7.500883508991326,5.5361244710304165,8.113272069311549,8.75980592494468,2.759387732519667,2.8906504112592533,9.39284844924737,5.121252552994924,7.878010170774086,8.272080044541244,4.740412162318898,3.399996866148999,5.8237015632517055,1.2124555735387008,3.404976694738389,1.9221914539993918,5.337247948719756,2.8687618201500182,9.294900633585979,2.431511831760265,4.747604874003297,2.498509695036698,2.3534302438145636,3.0275901667282414,8.689496187367222,3.7558120221110127,4.443597324925539,1.185911314949063,3.10176328273333,3.9445074669704687,2.664445443882578,9.385427777680597,3.440323170016915,3.4999107274331065,3.2303708187414037,2.883593482534192,2.0163041134087907,9.081577217692312,7.415966110432566,3.294620705110516,8.946718063137617,5.395837348201158,5.01336361413492,4.5761245968449495,3.146720590718533,3.86162008029317,2.905181042956079,3.19742712661893,8.92701232720153,8.630047686248522,5.778235394010551,3.0638896291745175,2.3082435177463,5.6605170139616305,3.0178417999709004,5.160159163620985,4.199386163779737,4.175230993128666,5.171924249841329,2.8458126327591677,4.097297937158811,3.5416655098754957,9.348328539772458,4.240423721930496,3.801914220057284,2.1829171325371357,3.0719314904369606,2.5092387982334,9.84342677342635,2.560183646216821,5.078322149152935,2.8773227358999174,3.1144699770903204,7.814378266846607,0.0,2.582632223258777,0.6481429622160171,3.322962392824056,4.0551803706172835,3.4508023133214425,2.7825721977152984,1.9450580289998831,3.722056566440875,2.160912596486864,4.305987781897366,2.2200681594083798,2.9893819466173963
42029506,1.2549346846515,4.010944271912885,5.406811346804672,3.213216628714691,6.019199907124894,6.665733762758026,2.906357451133858,0.5606874535785709,7.934434056247408,2.7983447106791974,5.783938008587432,6.178007882354591,2.410449204638215,1.9415824731490356,3.735228667702785,2.090523789029405,1.8400849798805035,1.525174695749924,3.01434010640403,4.155108118976761,7.200828471399323,0.8111942430181869,2.4291676159218025,2.2832321911137,2.0337357874750723,1.45404450215971,6.595424025180567,4.145282807827724,2.120689482609813,2.472257613775806,4.388109581560073,1.6215996246547422,0.8289833709257612,7.291355615493942,2.0184066414914525,1.1699477697524245,1.6763137727707407,1.2632758937921134,1.9777209069168302,6.987505055505655,5.321893948245912,0.9774731653682117,6.852645900950964,3.065874390520475,3.4484718992770356,3.0112328819870653,4.433066889545275,3.07038751398495,1.3882614123442065,1.7963099561509515,6.832940165014877,6.535975524061869,3.4597981359290544,4.35023592800126,3.594589816573043,3.566444851774976,1.463784754000237,2.8372513213052577,1.8809489056982427,2.6583113625167947,3.077852087654675,1.2254950440170889,2.4975182504494513,2.288132082207315,7.254256377585804,2.7235040913186226,5.0882605188840255,1.3810795554001345,0.7547839506946565,1.0547578897038703,7.7493546112396965,0.9398660574747423,3.6199077561529722,1.3037770713313859,4.400816275917063,5.720306104659953,2.582632223258777,0.0,1.9344892610427602,4.6093086916507975,2.5011233246466213,1.9338826827095705,2.7633052771461,2.5090091810947728,2.1571648515829898,2.2060532701520867,4.657385442384294,3.8633983183271843,4.27572824544414
42012260,2.9252289805169776,5.6857091520125955,6.852740546775309,4.8879815088144,7.465129107095531,8.111662962728662,2.11124477030365,2.242507449043237,8.744705487031355,4.473109590778907,7.229867208558069,7.623937082325228,4.092269200102882,2.7518539039329815,5.175558601035688,0.5643126113226837,2.756833732522373,1.2740484917833754,4.6891049865037395,2.2206188579340003,8.646757671369958,1.7833688695442484,4.099461911787281,1.850366732820681,1.7052872815985467,2.3794472045122252,8.041353225151203,3.107669059894996,3.7954543627095227,0.537768352733046,2.4536203205173126,3.2963645047544525,2.0163024816665613,8.73728481546458,2.792180207800899,2.8517677652170903,2.5822278565253876,2.2354505203181754,1.368161151192774,8.433434255476293,6.767823148216549,2.646477742894499,8.2985751009216,4.747694385985141,4.3652206519189045,3.9279816346289342,2.498577628502516,3.213477118077153,2.2570380807400623,2.5492841644029136,8.278869364985512,7.981904724032506,5.130092431794532,2.4157466669585,1.6601005555302828,5.0123740517456135,2.369698837754884,4.512016201404968,3.5512432015637203,3.52708803091265,4.523781287625312,2.1976696705431507,3.449154974942795,2.8935225476594795,8.700185577556441,3.592280759714478,3.153771257841267,1.534774170321119,2.423788528220944,1.8610958360173833,9.195283811210333,1.912040684000804,4.430179186936917,2.229179773683901,2.4663270148743033,7.1662353046305896,0.6481429622160171,1.9344892610427606,0.0,2.674819430608039,3.4070374084012673,2.802659351105426,2.1344292354992813,1.2969150667838663,3.0739136042248587,1.512769634270847,3.6578448196813502,2.868211121624397,2.3412389844013792
42002840,5.362506475879531,7.157388685619796,9.035885146086612,6.101245490356038,9.648273706406831,10.154429506676106,4.247998387623852,4.890442122876577,10.335888802251946,6.47829628722675,9.41301180786937,9.386571670262505,6.543819147146247,4.343037219153576,7.35870320034699,3.2391320419307226,5.247322220197823,3.9488679223914143,6.312815031453956,0.9495030834577749,10.829902270681261,4.458188300152288,4.984401762100342,4.52518616342872,4.380106712206585,4.870327673816559,9.7402372650015,4.789179211833079,5.827304723106139,2.1370510778749927,0.7187187578297728,5.740374933050877,4.6911219122746015,10.780051359412024,3.9176398117947646,5.306109764982031,4.603419094727125,4.910269950926215,4.042980581800813,10.616578854787594,8.857123320977475,4.472940379774695,10.341341644869043,7.199244333028507,6.04580036508965,5.60856134779968,0.17624180210552298,2.0785071913076085,4.542401283678944,3.6747437683967794,9.977753404835807,9.940470279471882,6.079097875865223,1.1427625150243772,1.0147188750777558,7.195518651056915,4.815948113497629,6.629070162704545,4.736492254832788,5.1439163503635115,6.706925886936613,4.8724891011511895,3.684013580759286,3.4011755075318217,10.742952121503885,5.209109079165341,0.4789518272332279,4.209593600929158,4.69562959444825,4.524504558750618,11.238050355157776,4.586860114608843,6.021362502157512,4.9039992042919405,1.3313570881047583,9.241807952692582,3.322962392824056,4.6093086916508,2.674819430608039,0.0,5.0133538424761035,4.419487670556287,4.271182852819484,3.1321789070518324,4.718387030423608,4.187589064878885,3.409800310413994,3.4941194317060127,1.6870238226173229
10023824180,2.7272711337656266,5.483280721027012,5.054212205801098,4.685553077828817,5.666600766121319,6.313134621754451,3.2530976196320447,2.033023902692697,6.903606124326406,4.270681159793324,5.431338867583857,5.8254087413510165,2.6334821826782058,0.7237538581653667,3.3770302600614763,3.4597155285299417,1.3533409930360611,2.5493970560771992,4.486676555518156,4.180980064092359,6.848229330395748,1.689929081628434,3.901504065035929,2.9677703935327777,2.625801157369847,1.0917181309653141,6.242824884176993,3.7677790635401376,3.5930259317239397,3.6114511881446583,4.413981526675671,2.903039824987765,1.7462700843161758,6.938756474490368,4.014015005510171,2.6422842188665503,0.8248095518758803,1.6088809983297718,2.74359684695801,6.63490591450208,4.9692948072423375,2.4505256457945794,6.50004675994739,3.2889073685604657,2.090219945423315,1.6529809281333443,4.936247804231076,4.844958834261666,1.7571928170512747,3.771118962112186,6.480341024011302,6.183376383058294,4.9321345850431815,5.489429502370112,4.733783390941895,3.213845710771401,1.0373385706463838,4.309587770419386,3.3532853548123693,2.3891512585547696,2.7252529466511004,1.440444167434419,3.9705707308758194,4.115357345368752,6.9016572365822295,2.454343987356597,5.49230566970933,2.0656177578192123,2.227836431121024,1.7392960921229481,7.396755470236122,1.5612572671718785,2.589079824231971,1.197346253315235,5.540009850285916,5.367706963656378,4.055180370617285,2.501123324646621,3.4070374084012682,5.013353842476102,0.0,1.664722578747545,3.276282084827676,2.1252554604716427,0.7367140901380951,3.789916977633177,4.2736317217611655,5.447262025808275,4.458604422564214
42020215,3.0059491163352994,5.761958703596686,5.613034922982265,4.9642310603984905,6.225423483302486,6.8057982429475485,2.6592314477122283,2.31170188526237,6.98725753852339,4.549359142362997,5.9901615847650245,6.037940406533948,3.1958675049631875,0.9944059554250176,3.9358529772426434,2.8553374712341,1.8062990895839623,1.945018998781358,4.76535453808783,3.5871138921725425,7.407052047576915,1.7827622912110583,4.180182047605602,2.2897539797707855,1.9477847436078546,1.4293045432026978,6.391606001272941,3.0067811755290075,3.8717039142936125,3.017585016224842,3.8201153547558544,3.3726140563385423,2.0156959033333712,7.431420095683465,3.446774363573121,2.920962201436223,1.162395964113264,1.9464674105671556,2.065580433196018,7.193728631683247,5.508492057248915,2.7292036283642522,6.992710381140487,3.8512926908454475,2.6138940691849326,2.1766550518949623,4.34238163231126,4.330372135209338,1.0791764032892823,3.2038783201751357,6.629122141107251,6.591839015743323,5.210812567612853,4.895563330450297,4.139917219022079,3.7726684279525684,1.3749249828837675,4.588265752989058,3.631963337382042,0.7244286798072243,3.2840756638322675,1.7780305796718028,4.103749130715017,3.5481167034317016,7.394320857775327,0.7896214086090522,4.898439497789513,1.3876013440572201,2.506514413690697,1.061279678360956,7.889419091429219,1.8988436794092622,2.6727312384289545,1.5349326655526188,4.9461436783661,5.893176688964022,3.450802313321444,1.9338826827095705,2.8026593511054267,4.419487670556285,1.6647225787475453,0.0,2.6824159129078597,1.5313892885518265,1.3346366525260254,3.1855389203373354,3.5516252685508176,4.842883968512433,3.8647382506443972
42006803,3.8353717107718297,6.591381298033216,7.233230775847416,5.793653654835021,7.845619336167638,8.41735774902768,0.3789725036680399,3.1411244796989,8.598817044603521,5.378781736799528,7.610357437630176,7.64949991261408,4.800916576648664,2.6059654615051486,5.556048830107796,2.3822592209933027,3.137323961594481,1.9933528394359947,5.59477713252436,3.4388090744357402,9.027247900442067,2.6121848856475887,5.009604642042133,1.7647825066165588,1.5132030683847912,2.759937433584333,8.003165507353073,2.9798211136260386,4.701126508730144,2.3237098963884306,3.6718105370190526,4.202036650775073,2.8451184977699016,9.042979601763598,3.8646547437063057,3.7503847958727534,2.866347337078698,2.792747212926982,1.5406089600417914,8.8139244845484,7.120051563329047,3.5586262228007826,8.604269887220617,5.456341762530924,4.308728607441223,3.8714895901512527,4.1940768145744585,4.748252515342522,2.2242057954378214,3.6217587003083205,8.240681647187383,8.203398521823456,6.040235162049386,4.201688210613885,3.4460420991856675,5.3928642808177205,2.750189066826992,5.417688347425589,4.4613859318185725,2.8062611091332887,4.904271516697419,2.860541440149277,4.521629510848202,3.965997083564887,9.005880363855459,2.921133763593195,4.750134680052712,1.3822257217459657,3.3359370081272273,1.70854738744223,9.50097859750935,2.7408567001041444,4.284290744509085,2.609670002756009,4.252268558529688,7.504736195044154,2.782572197715299,2.7633052771461006,2.1344292354992818,4.271182852819484,3.2762820848276757,2.6824159129078597,0.0,1.1510266243560334,2.981315272775181,2.7802836104560216,3.5314607321045477,4.4376286586311195,3.7164334329075954
42003018,3.5810756147205014,6.337085201981887,6.14778676408215,5.539357558783692,6.760175324402372,7.266331124671646,1.1278421591604018,2.886828383647572,7.447790420247488,5.124485640748199,6.52491342586491,6.4984732882580465,3.7270567409592577,1.454938837149115,4.470604818342528,1.8612276781065504,2.359223838193363,2.1913162758962517,5.340481036473031,2.2998051286680887,7.941803888676801,2.3578887895962604,4.755308545990804,1.9627459430768157,1.7111665048450482,1.9822292918120985,6.85213888299704,1.8287944892700054,4.446830412678815,1.4861957276730156,2.5328065912514006,3.9477405547237443,2.5908224017185733,7.891952977407563,4.021900861958322,3.496088699821425,1.7153207127226646,2.4993921591765567,1.672124563936865,7.728480472783133,5.969024938973013,3.3043301267494543,7.453243262864585,4.382481926841518,3.1577019830851905,2.7204629657952193,3.0550728688068074,4.161904493017123,1.6543029016744843,3.7790048185603373,7.08965502283135,7.052371897467422,5.785939065998058,3.36417404189847,2.6085279304702524,4.307420269052453,1.9278497314931682,5.16339225137426,4.207089835767244,2.255817968359051,3.8188275049321523,2.3309553282812034,4.678875629100219,4.123243201816903,7.854853739499425,2.3210106971608786,3.6111307342850614,1.5801891582062226,3.081640912075899,1.6364061767461577,8.349951973153315,2.451768428018663,3.133264120153052,2.0878574141620194,3.4147543898142727,6.35370957068812,1.9450580289998838,2.5090091810947723,1.2969150667838667,3.1321789070518333,2.1252554604716423,1.5313892885518265,1.1510266243560334,0.0,1.8302886484191476,2.8096847010547137,2.392456786336896,4.165126188408264,2.5774294871399435
7191989494,2.1119463498172557,4.811116571323775,4.317498115663004,4.01338892812558,4.929886675983225,5.576420531616357,2.9581308075795496,1.689065429629066,6.180103046020118,3.598517010090087,4.694624777445764,5.088694651212921,1.896768092540111,0.423505729277167,2.6403161699233815,3.126591724353533,0.6166269028979658,2.2162732519007906,3.814512405814919,3.886013252039864,6.111515240257654,1.3459706085648027,3.2861792810875587,2.6728035814802826,2.330834345317352,0.7031203494232794,5.506110794038897,3.411810366108102,2.920861782020703,3.316484376092163,4.119014714623175,2.16632573484967,1.4023116112525444,6.202042384352273,3.6700565324465395,2.2983257458029196,0.5298427398233855,1.2649225252661405,2.448630034905515,5.898191824363986,4.232580717104243,2.1065671727309483,5.763332669809295,2.5521932784223704,1.3535058552852197,0.9162668379952492,4.64128099217858,4.5010003611980345,1.4622260049987796,3.4271604890485543,5.743626933873207,5.4466622929202,4.265049340488959,5.194462690317618,4.4388165788894005,2.477131620633306,0.7423717585938889,3.60984135034213,2.7379605708639985,1.980796582190939,1.9885388565130049,1.079455094756447,3.626612257812188,3.7713988723051206,6.164943146444135,1.8659239277310324,5.197338857656834,1.7706509457667172,1.883877958057393,1.444329280070453,6.660041380098027,1.2172987941082472,1.8655767459256827,0.8533877802516036,5.245043038233422,4.6309928735182835,3.7220565664408767,2.15716485158299,3.0739136042248596,4.718387030423606,0.7367140901380951,1.334636652526025,2.981315272775181,1.8302886484191478,0.0,3.4567931734567683,3.956654459129912,5.114138221631867,4.163637610511719
42022301,3.065824409179034,5.826304580674652,7.229226770931394,5.028576937476457,7.8416153312516155,8.488149186884748,2.9233357844437795,2.3831028777052925,9.186090293875175,4.613705019440963,7.606353432714154,8.000423306481311,4.232864628764937,3.1932387107768,5.557644091829507,1.6688041622574918,3.1397133017542815,1.6569280610152841,4.829700415165796,3.733388492204848,9.023243895526045,2.1662484387761576,4.240057340449337,2.23324630205259,2.088166850830455,2.762326773744134,8.417839449307289,4.620438694165843,3.936049791371579,2.050537987003893,3.96638995478816,3.436959933416509,2.3991820508984705,9.113771039620666,2.308440066628047,2.9923631938791457,2.9651074257572962,2.6183300895500845,1.751040720424683,8.809920479632378,7.144309372372634,2.7870731715565555,8.675061325077685,4.888289814647196,4.748100221150813,4.310861203860843,4.011347262773363,3.0809011726899023,2.639917649971971,2.065544023230062,8.655355589141596,8.358390948188589,5.270687860456588,3.9285163012293474,3.17287018980113,5.388860275901698,2.752578406986793,4.652611630067025,3.6918386302257766,3.909967600144559,4.900267511781396,2.5805492397750602,2.87095025238102,2.313196515952665,9.076671801712527,3.975160328946387,4.666540892112113,1.9176537395530278,2.5643839568830002,2.243975405249292,9.571770035366418,2.2949202532327133,4.871563993780736,2.61205934291581,3.9790966491451503,7.542721528786674,2.160912596486864,2.2060532701520867,1.512769634270847,4.187589064878885,3.789916977633176,3.1855389203373345,2.7802836104560216,2.8096847010547137,3.4567931734567674,0.0,5.170614453952195,2.0676389988010375,3.854008618672226
324227896,5.729451876010024,8.48546146327141,8.235052729586151,7.687733820073214,8.847441289906373,9.414707385961169,3.508276266908915,5.035204644937095,9.596166681537012,7.272861902037722,8.612179391368912,8.646849549547566,5.817885311567074,3.6033150984386384,6.55787078384653,4.222157431004033,4.507600099482886,4.571750383644764,7.488857297762554,2.577426532030249,10.029069854180802,4.506265050885783,6.903684807280326,4.343180050825329,4.091600612593562,4.1306055531016215,9.000515144286561,3.784721701141035,6.595206673968337,3.6832513514694805,2.810427994613561,6.087442953876635,4.7391986630080964,10.040329238697087,6.170277123247846,5.644464961110949,3.863696974012188,4.64776842046608,4.052558671685378,9.815746438287135,8.117401200262536,5.452706388038977,9.601619524154106,6.473310497449334,5.235911875788817,4.798672858498847,3.332694272168968,5.234959661371054,3.8026791629640067,5.9273810798498605,9.238031284120868,9.200748158756943,7.93431532728758,4.019390596861258,3.8941584660366084,6.394686234556455,4.076225992782692,7.311768512663782,6.355466097056766,4.276053948358041,5.906093470436153,4.479331589570727,6.827251890389743,6.271619463106426,10.003230000788948,4.3412466771598694,3.888752137647222,3.9606232659547356,5.230017173365422,3.7847824380356805,10.49832823444284,4.600144689308187,5.281640381442575,4.236233675451543,4.487809558168204,8.502085831977643,4.305987781897366,4.657385442384295,3.6578448196813493,3.409800310413994,4.2736317217611655,3.5516252685508167,3.5314607321045464,2.3924567863368953,3.956654459129911,5.170614453952196,0.0,5.6606535272521885,2.855050890502104
42010733,4.723169457354132,7.483649628849749,8.886571819106491,6.685921985651554,9.49896037942671,10.145494235059843,4.580680832618878,4.0404479258803905,10.84343534205027,6.271050067616061,9.26369848088925,9.657768354656408,5.890209676940033,4.8505837589519,7.2149891400046045,3.3261492104325905,4.79705834992938,3.314273109190383,6.487045463340893,3.660252680983663,10.68058894370114,3.8235934869512556,5.761410301324266,3.8905913502276883,3.7455118990055545,4.419671821919232,10.075184497482388,5.975880181519394,5.593394839546677,2.8888272640128174,3.8932541435669754,5.0943049815916055,4.056527099073568,10.771116087795761,3.680069954401088,4.649708242054245,4.6224524739323956,4.275675137725183,3.4083857685997816,10.467265527807474,8.801654420547733,4.444418219731653,10.33240637325278,6.545634862822293,6.405445269325912,5.968206252035942,3.3178776296004906,4.032777119175128,4.297262698147071,3.4371739110031028,10.312700637316695,10.015735996363686,6.8561064150891475,3.235046668056475,2.4794005566282578,7.046205324076794,4.409923455161892,6.309956678242122,5.349183678400875,5.567312648319659,6.5576125599564925,4.237894287950158,4.242580140154061,3.684826403725706,10.734016849887622,5.632505377121488,3.9730712589392416,3.574998787728126,4.221729005058098,3.9013204534243906,11.229115083541513,3.9522653014078113,6.528909041955836,4.269404391090909,3.2856270159722785,9.200066576961774,2.22006815940838,3.8633983183271843,2.8682111216243973,3.4941194317060136,5.447262025808277,4.842883968512434,4.4376286586311195,4.165126188408264,5.114138221631865,2.067638998801038,5.6606535272521885,0.0,3.7808728074510416
5379115562,5.266467964918357,8.026948136413974,8.481135726174722,7.229220493215779,9.093524286494942,9.599680086764216,3.6932489677119635,4.583746433444617,9.78113938234006,6.814348575180286,8.858262387957481,8.831822250350616,6.0604057030518295,3.788287799241687,6.8039537804351005,2.9055515957240634,4.692572800285935,3.6152874761847555,7.030343970905118,0.8546500442335786,10.275152850769372,4.124607853945628,6.418077744367116,4.19160571722206,4.046526265999927,4.31557825390467,9.185487845089611,3.7957632921490627,6.136693347110902,1.8034706316683335,1.0876515068168906,5.637603489155831,4.357541466067942,10.225301939500135,5.133419192202279,5.193006749618471,4.048669674815237,4.576689504719555,3.709400135594154,10.061829434875705,8.302373901065586,4.9877167272958784,9.786592224957154,6.715830888934089,5.4910509451777605,5.05381192788779,1.6099177843722972,3.5121831735743823,3.9876518637670553,4.890523148804293,9.423003984923918,9.385720859559992,7.471331416195914,2.296614109064587,2.0143777462354615,6.6407692311450255,4.26119869358574,6.853255185806347,5.8924821859651,4.589166930451622,6.152176467024724,4.53890865494453,5.117689563026059,4.834851489798595,10.188202701591996,4.654359659253451,2.1659756498505507,3.8760131547224987,4.765027512622323,3.969755138838729,10.683300935245887,4.253279668402183,5.466613082245623,4.421206376254592,2.7650330703715325,8.687058532780693,2.9893819466173968,4.2757282454441405,2.3412389844013797,1.6870238226173226,4.458604422564214,3.864738250644398,3.716433432907595,2.577429487139944,4.163637610511719,3.8540086186722267,2.8550508905021053,3.7808728074510416,0.0
